destGroupId,originGroupId,value
2,11,256
3,18,46
76,12,23
70,68,281
89,51,30
85,87,6
82,25,85
17,17,1088
57,17,292
29,25,156
90,90,1184
76,74,102
4,5,324
96,96,2144
24,22,141
50,43,3
76,36,30
71,71,2278
15,21,23
85,36,71
80,21,40
66,59,26
24,34,95
26,27,253
25,34,151
80,69,3
32,80,25
77,87,13
56,6,19
84,22,32
45,50,225
97,97,2899
86,77,20
80,33,27
79,28,5
69,51,125
25,80,156
17,18,273
84,89,28
77,52,15
60,50,35
86,53,1
37,21,86
26,42,100
68,51,45
24,24,465
29,22,11
99,99,2407
58,59,8
75,9,4
19,38,19
19,42,24
2,65,47
81,86,2
18,18,1465
2,36,63
33,9,10
68,6,5
49,68,33
80,10,25
60,60,1994
20,20,3501
37,75,3
23,23,488
21,25,166
18,7,157
76,76,1176
2,2,2085
11,27,71
25,25,2673
84,41,35
57,46,75
5,21,7
74,60,13
82,79,331
33,33,518
54,68,25
71,55,20
84,19,42
83,34,26
56,56,697
99,4,66
68,71,73
69,71,139
43,21,36
76,34,43
76,33,21
90,88,228
85,34,93
37,41,93
58,17,58
58,56,111
17,4,54
80,87,17
84,78,108
82,19,30
77,83,10
82,83,170
52,64,15
89,56,76
76,77,36
25,15,442
34,34,2883
26,32,26
26,34,52
58,48,4
25,20,41
2,40,44
37,26,46
37,19,37
58,70,28
51,49,104
76,23,6
13,13,680
10,9,338
83,74,17
25,67,4
10,80,20
24,84,92
26,40,62
49,34,10
44,7,4
18,53,56
23,22,99
85,80,219
24,83,32
8,84,7
24,37,94
21,80,46
52,65,133
88,75,73
60,71,400
25,19,50
76,90,197
20,34,66
37,42,41
85,24,177
2,16,125
2,13,180
18,62,3
57,62,7
60,66,188
90,27,46
11,18,92
84,84,1150
80,80,2014
82,45,23
12,10,315
56,58,97
90,37,24
25,33,92
86,22,9
70,88,12
90,55,6
37,20,29
51,13,5
11,35,13
6,6,1387
31,24,10
54,70,37
121,82,4
18,65,12
57,65,19
16,76,45
94,94,2185
27,27,1015
4,4,911
60,67,73
19,71,6
6,11,347
11,11,1014
76,89,56
19,22,130
45,71,34
78,34,20
16,13,124
43,43,490
82,24,48
3,15,128
54,49,141
18,41,12
17,56,460
34,21,777
9,9,1381
76,80,225
45,40,6
55,55,663
54,50,29
5,5,2559
12,33,5
93,90,29
3,80,48
124,124,284
124,5,415
3,62,3
69,69,1001
70,69,510
34,76,38
61,70,11
2,6,212
16,12,38
25,85,292
11,7,40
57,10,28
66,26,2
84,74,47
84,5,9
64,63,96
61,86,3
8,8,893
36,27,23
77,77,463
2,42,68
46,68,15
49,71,59
4,89,56
11,17,45
11,56,19
90,36,42
44,41,2
16,29,21
16,37,23
58,54,48
74,79,59
86,28,2
35,30,138
80,73,191
34,20,65
34,99,11
34,123,5
24,10,4
95,94,166
83,19,11
41,27,212
54,60,42
2,89,269
25,71,20
80,41,41
35,22,31
43,30,9
41,25,200
66,70,76
99,7,10
83,33,16
92,92,901
75,74,104
51,70,181
89,70,42
90,34,34
87,90,39
15,20,11
90,57,28
89,49,93
83,84,168
24,85,169
26,38,62
30,43,16
88,9,12
5,52,20
44,42,1
97,98,1763
85,2,46
8,12,46
45,41,9
57,5,32
29,12,9
22,22,897
8,7,108
84,50,9
125,80,1
5,37,13
12,34,10
122,52,1
4,66,10
86,65,11
25,36,176
2,57,176
59,70,29
21,83,17
18,74,15
9,85,30
5,30,6
90,33,31
41,67,1
85,89,36
89,45,201
78,78,833
8,76,29
33,28,45
68,90,10
88,86,115
66,6,2
9,36,26
85,22,55
11,25,70
88,22,6
2,17,272
24,80,68
32,32,594
2,90,339
45,51,100
85,123,11
34,22,68
85,85,705
85,28,40
50,46,258
59,59,392
79,79,550
45,45,1365
32,25,88
32,30,79
34,30,177
37,29,328
50,67,5
5,68,8
35,16,4
28,88,8
33,24,187
80,25,166
5,124,397
3,56,28
6,10,194
36,78,14
24,90,44
32,21,146
25,35,73
85,19,52
74,78,263
121,5,99
2,3,250
82,82,1126
98,98,1519
25,26,241
15,15,1066
70,70,1362
90,44,19
41,23,40
6,9,108
8,9,51
17,53,19
2,66,27
54,6,9
49,65,75
55,52,94
41,29,164
2,9,133
21,21,2650
98,97,1779
18,36,10
5,11,29
82,89,12
3,25,123
13,27,88
74,75,81
50,50,707
79,12,5
90,49,44
74,25,57
29,85,58
2,77,33
4,8,94
9,50,4
25,40,10
37,34,111
18,40,17
93,93,246
30,122,1
6,16,31
85,23,14
4,13,34
4,21,6
64,60,244
75,21,4
17,60,39
46,60,35
85,52,18
70,2,56
2,26,89
12,15,27
90,89,323
99,37,16
38,38,1378
5,18,44
76,59,2
86,75,35
32,42,65
34,42,138
2,70,50
27,16,152
29,26,150
74,73,133
6,70,4
60,58,26
36,88,10
66,68,53
80,84,262
58,46,69
58,49,92
26,60,6
5,4,288
25,123,24
88,54,7
52,52,1310
33,25,143
36,81,6
67,71,215
89,89,1245
24,26,24
77,80,123
78,83,27
38,37,44
4,57,95
68,60,267
9,40,216
25,38,38
25,42,87
66,71,65
24,78,16
35,85,33
75,35,1
57,45,51
42,29,83
66,69,146
33,73,26
3,37,16
89,20,9
41,89,22
84,37,23
92,89,3
49,89,92
84,38,11
84,42,20
85,25,238
24,35,19
22,21,211
60,51,134
85,12,16
89,57,68
86,55,6
6,38,8
23,32,21
15,37,35
79,15,18
76,84,63
83,42,6
70,49,89
69,70,495
80,24,59
99,8,18
2,8,276
84,80,310
36,38,15
34,37,112
41,43,223
17,37,4
46,37,14
19,37,29
16,3,126
41,37,107
85,49,16
20,24,38
76,9,31
71,59,239
45,46,77
79,82,310
82,30,10
26,3,30
89,69,23
41,41,2233
34,80,41
21,35,332
24,81,44
2,68,30
25,7,10
76,88,61
5,85,21
85,20,20
76,54,11
80,26,39
28,36,31
41,40,203
36,22,29
37,84,33
2,93,24
84,90,40
2,25,244
43,13,17
54,58,59
41,42,589
24,82,57
52,80,22
50,45,199
18,2,399
23,41,37
36,11,14
27,74,30
2,88,106
21,3,31
33,41,27
2,78,61
42,30,103
89,50,172
43,122,4
3,16,149
73,4,7
46,53,8
24,25,166
3,3,646
19,14,4
3,71,9
3,89,32
40,43,60
94,95,182
22,25,54
49,51,87
18,78,7
34,2,44
93,45,10
93,85,11
18,25,33
55,71,16
78,79,154
34,35,280
11,3,92
52,68,42
13,24,8
73,83,18
35,21,205
30,30,606
99,60,10
73,45,8
21,37,98
16,88,11
44,44,804
68,69,390
36,53,2
54,53,5
89,2,236
18,57,362
57,57,1258
46,46,886
56,46,262
23,21,473
49,52,304
6,87,9
45,70,45
50,71,18
2,45,157
85,43,14
21,42,125
63,63,110
51,51,886
58,71,26
90,80,70
77,82,40
2,43,26
79,84,210
6,13,123
56,18,90
84,24,67
27,25,340
89,76,45
21,19,81
6,29,21
8,29,9
2,15,183
86,80,32
9,25,81
9,27,131
90,74,99
58,89,37
85,93,43
77,28,3
2,21,59
8,5,32
10,28,3
85,33,73
37,37,697
71,69,131
67,80,7
22,19,125
47,89,8
35,38,169
35,42,108
71,50,29
50,52,201
5,25,34
78,51,13
25,27,288
3,42,24
89,52,112
3,76,114
31,36,19
77,65,4
25,43,26
50,49,147
36,35,35
29,123,3
33,36,117
27,19,7
37,6,7
79,21,15
24,33,190
50,78,18
60,64,210
83,36,11
85,46,20
2,63,7
49,88,21
27,37,33
90,19,24
123,124,23
5,7,22
5,29,12
2,46,130
85,76,110
55,88,8
73,68,1
2,12,120
84,82,372
85,51,5
17,54,37
56,54,38
76,3,131
13,10,86
69,68,322
80,43,9
79,74,64
85,29,50
74,89,56
60,59,106
15,3,158
52,35,4
57,38,4
57,42,4
2,41,100
78,86,70
90,76,183
82,13,10
58,65,26
8,11,295
14,37,9
76,85,116
14,14,127
85,27,40
13,70,8
90,45,35
27,41,229
126,99,78
52,71,69
49,21,10
12,90,27
74,42,10
54,61,6
84,25,92
2,80,164
29,35,39
26,26,1265
85,30,22
2,20,29
53,25,11
48,51,58
9,21,29
48,60,31
56,17,489
17,57,332
56,57,174
45,25,28
71,35,6
3,14,32
3,27,48
86,44,22
80,90,76
21,22,157
44,51,97
18,6,76
74,15,35
49,69,47
15,12,29
60,68,225
48,44,81
34,82,52
31,21,19
50,37,6
89,44,28
86,73,8
2,18,362
21,90,24
21,34,671
51,65,50
17,46,219
10,40,45
7,5,27
90,22,18
28,24,43
12,41,56
11,51,6
67,60,103
69,121,2
70,121,4
52,45,260
78,77,155
25,4,35
41,50,3
70,44,32
57,53,102
79,89,16
30,31,50
35,19,22
12,74,8
22,59,1
29,21,43
41,9,239
24,36,104
76,60,11
6,12,229
11,42,21
56,55,16
71,25,20
99,11,16
76,70,18
85,62,5
50,70,24
21,33,102
80,82,98
123,68,3
24,123,14
43,32,12
45,8,27
89,53,10
49,2,80
8,6,307
34,24,84
26,83,8
85,48,2
43,41,215
66,60,164
25,22,52
21,30,91
42,42,1625
123,13,1
74,51,15
34,32,627
85,77,12
52,48,54
73,85,23
86,79,20
19,60,7
37,65,4
37,25,297
38,42,614
9,42,50
74,50,22
85,14,7
45,49,79
26,17,15
45,90,62
21,38,152
36,33,73
22,35,51
92,25,7
74,52,20
19,20,136
88,69,6
88,70,16
36,25,197
24,46,23
2,51,53
76,42,14
83,83,662
30,37,71
73,74,132
67,64,34
74,74,1328
74,88,253
89,24,25
85,42,38
85,16,14
48,49,59
25,50,21
26,78,11
26,9,184
10,12,243
63,19,1
52,50,240
3,57,35
2,34,63
18,17,267
59,60,120
73,20,7
45,66,37
85,35,23
64,89,7
10,74,12
76,78,55
11,21,11
31,90,4
3,36,30
79,9,9
21,2,52
23,26,23
20,23,195
89,71,30
2,35,39
84,79,236
62,49,40
37,35,59
77,33,8
33,21,101
82,53,2
15,53,4
89,40,9
11,79,14
36,19,19
6,57,47
8,57,71
89,25,59
89,27,13
30,6,8
89,85,39
27,31,4
45,54,25
89,18,93
75,75,143
46,17,217
46,56,246
46,50,206
90,2,302
11,6,343
11,13,258
63,60,157
49,49,912
84,2,67
37,49,7
21,20,165
11,12,88
10,16,40
56,4,33
82,84,328
36,85,79
27,2,124
73,3,12
54,31,2
7,36,3
81,24,36
29,37,290
99,85,56
2,71,60
2,33,44
99,29,9
50,63,4
19,23,51
32,15,11
29,42,102
68,66,44
79,77,167
45,52,266
45,89,195
78,8,13
12,26,49
24,70,13
40,40,526
121,2,27
24,71,9
82,12,11
34,25,201
85,9,26
73,24,13
12,12,450
17,5,30
56,5,20
71,51,59
73,73,348
12,11,99
25,16,113
73,79,51
123,99,34
23,20,123
88,89,109
24,76,46
68,65,14
75,78,140
37,85,86
2,10,124
32,35,46
9,38,31
83,2,19
99,18,18
77,78,200
88,50,33
80,42,16
57,54,21
9,10,331
46,54,58
2,29,41
32,34,664
7,18,119
81,30,1
87,80,15
78,75,143
37,43,15
84,85,66
35,25,94
18,89,84
60,17,34
60,46,19
89,42,12
42,21,99
65,89,42
9,26,211
74,4,15
46,89,209
56,2,95
11,73,11
35,35,703
99,123,28
54,57,27
74,59,6
90,10,25
90,11,44
24,30,23
122,124,15
17,88,31
27,38,37
34,3,20
4,39,2
2,24,42
16,41,58
69,44,20
38,32,23
38,34,93
32,85,41
60,61,138
18,8,180
51,33,4
73,8,8
6,17,42
37,24,79
2,85,58
28,28,41
20,37,30
88,78,72
90,28,21
25,21,134
89,46,215
49,22,7
33,13,8
37,36,148
11,75,9
45,29,9
15,80,89
7,124,7
85,88,28
24,28,73
2,84,67
42,38,663
2,44,52
88,24,16
35,34,329
32,19,7
37,80,44
61,68,11
57,16,29
34,29,65
84,51,6
5,89,42
71,54,35
76,16,45
99,126,60
17,89,162
57,89,63
89,78,23
90,42,41
49,50,132
73,76,138
36,15,34
37,30,80
74,68,5
68,70,285
67,66,18
67,69,31
48,65,16
16,16,606
99,74,10
60,69,402
13,11,263
122,41,8
26,30,45
32,23,29
27,30,13
27,42,52
52,70,105
46,70,39
9,16,36
85,21,65
92,19,22
10,10,814
52,66,34
45,76,32
85,32,36
71,49,68
20,42,48
2,27,148
86,78,49
27,26,239
37,10,10
33,2,47
14,5,5
27,5,12
37,40,4
33,22,64
44,48,91
84,9,22
2,76,221
25,88,28
4,85,11
66,17,9
66,57,11
54,55,110
121,121,40
70,51,206
127,67,7
84,83,154
68,68,639
53,16,6
22,24,114
13,57,30
55,32,1
55,34,1
27,24,17
2,121,18
89,4,39
43,85,11
25,24,124
54,17,43
57,55,57
16,43,9
11,23,8
18,56,75
85,26,39
28,21,10
52,76,24
70,66,106
4,10,17
18,11,106
85,5,13
2,62,14
29,41,167
34,73,15
25,37,274
80,22,15
37,22,30
25,30,60
46,69,20
88,73,29
11,121,10
99,82,6
48,90,17
33,44,2
52,51,118
64,71,135
85,84,72
26,90,40
34,27,41
22,20,169
77,41,11
83,92,1
80,56,6
11,9,62
73,18,10
78,50,13
57,50,37
36,69,2
44,45,186
36,82,26
15,25,483
93,80,9
44,88,20
54,51,45
2,69,19
25,90,100
59,71,304
54,48,18
18,51,13
38,21,127
4,36,8
4,50,21
25,29,173
19,25,66
82,22,30
26,15,35
89,124,8
34,57,5
21,26,64
49,66,32
27,8,28
9,41,228
50,99,10
60,3,16
17,27,12
73,36,11
33,74,17
8,18,146
8,80,27
80,50,22
89,90,262
32,20,11
49,44,40
81,84,15
10,30,8
40,41,266
50,69,17
77,85,21
74,84,44
2,58,39
27,10,68
2,60,41
12,2,114
88,88,766
65,44,53
83,45,8
45,65,40
46,62,22
64,64,288
21,36,64
51,44,105
13,82,9
87,46,9
42,41,543
26,25,248
11,8,281
9,34,41
50,5,6
50,44,45
90,25,119
4,83,7
13,12,236
46,49,213
54,77,4
11,19,9
48,2,22
28,19,12
6,42,17
66,50,12
33,34,277
88,66,11
69,57,11
70,60,256
2,54,37
48,71,21
80,85,238
28,49,6
3,44,9
26,29,164
90,84,32
84,30,25
8,51,12
34,12,14
90,41,43
27,39,6
54,18,18
84,33,48
99,124,65
43,37,19
27,89,14
42,22,16
25,10,52
77,79,166
80,62,4
80,57,13
89,123,4
85,69,6
49,46,271
26,41,411
89,11,40
5,46,17
25,2,191
96,94,146
89,99,18
4,46,39
37,3,22
84,34,45
5,99,180
35,80,18
11,30,7
5,17,34
80,78,83
41,36,53
61,71,72
60,49,77
20,85,22
89,65,34
80,79,111
19,41,16
2,50,91
2,49,85
25,41,190
67,68,26
76,27,24
122,84,1
21,15,23
49,60,82
88,74,223
64,70,42
2,59,13
84,15,17
89,68,8
25,11,69
46,24,19
26,31,6
12,13,273
70,84,11
89,82,9
50,62,21
17,58,59
27,9,128
54,3,9
3,6,43
76,37,45
79,78,175
18,34,11
78,89,16
25,87,9
84,20,10
85,78,14
71,68,97
45,17,65
83,85,22
79,45,16
66,51,87
75,37,3
65,48,11
74,34,16
90,69,10
24,89,46
20,21,232
76,82,41
34,10,25
78,52,19
57,58,87
35,2,28
83,26,8
88,77,12
8,26,22
36,94,2
11,65,4
30,35,151
85,82,41
18,52,26
80,15,91
80,6,17
73,78,37
27,18,31
53,56,23
52,49,293
2,83,18
13,83,5
86,90,66
82,34,42
24,19,117
28,20,13
24,93,38
56,49,33
73,69,2
77,46,9
74,16,32
74,17,27
74,46,22
9,35,16
8,16,29
66,22,1
33,81,14
31,84,5
65,62,99
89,26,20
41,24,17
84,10,6
19,82,22
60,2,44
78,88,65
19,24,66
123,25,12
54,67,6
37,9,27
79,2,50
52,26,7
24,20,49
45,60,47
15,41,47
2,5,100
49,78,19
93,42,15
22,34,76
66,33,2
2,19,27
22,33,48
83,124,1
9,24,12
71,66,75
49,67,11
78,84,102
90,78,49
90,8,36
71,26,8
46,28,6
56,28,5
2,4,178
46,15,18
41,16,47
7,8,106
47,47,94
2,82,67
8,2,247
2,48,14
17,71,20
2,32,27
2,86,60
56,12,7
18,46,46
16,69,1
16,70,4
11,89,37
57,18,403
33,76,36
88,44,18
58,51,19
73,13,7
89,80,44
2,38,49
45,9,9
42,26,107
85,65,10
19,26,20
7,75,4
57,88,9
73,2,37
78,80,75
6,23,8
54,71,43
66,64,14
68,44,12
96,84,2
44,52,270
28,32,14
88,82,25
70,24,9
4,49,28
27,29,50
26,21,56
12,73,9
50,2,75
93,38,6
30,29,125
41,21,120
22,37,38
54,4,19
32,77,4
34,77,11
80,74,134
90,87,52
77,5,4
77,10,3
70,52,84
99,90,16
45,84,28
46,84,14
13,76,25
18,49,31
2,75,50
73,90,31
15,74,39
85,68,7
85,8,13
25,31,27
73,30,3
4,17,65
4,56,45
11,4,48
44,46,42
88,84,17
99,52,22
38,78,8
42,78,6
46,43,5
86,46,19
84,27,16
2,56,104
76,32,13
50,58,22
76,92,2
88,21,8
41,30,95
74,90,110
81,33,10
17,90,69
50,89,201
4,24,7
43,34,19
76,25,113
13,22,5
45,2,141
74,65,7
55,4,25
9,23,14
6,8,292
89,60,41
6,25,45
11,40,28
60,63,191
75,51,8
3,70,5
90,17,56
54,5,8
57,75,8
88,76,41
68,49,35
3,35,11
11,26,27
2,74,92
74,9,14
8,45,37
13,127,1
26,10,62
70,64,48
71,60,427
60,47,26
14,33,8
60,65,18
76,79,52
15,11,30
7,7,223
45,58,21
60,70,255
53,5,14
73,59,2
51,85,15
57,60,15
88,87,88
37,23,44
10,41,54
25,6,44
13,25,65
60,52,74
14,25,95
22,23,160
88,17,28
38,23,48
42,23,39
86,91,45
52,24,6
57,36,3
42,34,116
83,24,29
73,65,8
86,36,14
36,16,17
76,24,27
74,7,7
10,38,9
65,46,58
73,80,195
124,123,33
42,32,54
34,39,18
20,46,3
14,80,6
45,57,33
40,45,6
17,86,16
57,86,15
37,90,27
59,15,2
54,32,1
3,26,49
41,35,79
58,57,91
11,5,28
86,82,10
80,32,19
80,34,45
123,71,3
49,77,12
9,37,38
88,5,9
36,62,2
12,9,220
46,55,32
12,80,14
73,77,75
75,77,20
25,78,26
32,17,2
34,17,3
32,46,5
34,46,10
11,28,1
62,65,87
41,32,95
41,34,164
90,70,15
70,71,122
13,6,113
12,6,197
57,4,84
41,26,415
20,39,5
82,80,89
36,37,178
90,82,28
77,73,81
15,36,31
38,84,15
42,84,26
90,51,21
54,59,14
38,10,14
28,93,8
71,86,16
52,55,91
90,50,40
93,35,10
65,65,293
51,2,49
12,5,12
90,30,13
60,5,6
36,24,71
34,15,29
73,38,3
73,42,11
33,71,4
54,28,2
55,54,102
79,83,67
57,66,6
17,8,71
68,59,15
12,42,13
82,32,18
54,44,40
14,49,2
10,121,5
24,52,8
20,35,60
69,66,163
88,71,14
46,25,31
89,74,63
25,9,83
73,82,36
85,31,11
89,79,20
87,24,2
76,8,43
37,31,19
59,18,10
2,52,101
17,49,48
37,32,53
36,32,92
25,76,89
4,78,5
54,74,7
76,17,35
76,46,29
66,21,3
73,35,5
88,15,17
21,51,6
33,42,17
27,121,3
84,32,19
39,25,10
2,122,3
78,11,12
71,61,60
74,21,10
12,20,7
90,6,38
84,35,15
99,36,12
27,12,77
73,22,9
68,45,15
5,36,8
80,35,15
23,19,43
29,30,99
44,54,38
63,68,78
31,28,4
70,20,5
2,30,31
124,46,2
41,38,184
20,38,32
127,18,5
10,37,16
26,74,15
52,60,77
50,74,22
51,60,127
93,65,4
18,21,7
50,65,25
48,54,20
99,17,15
99,56,21
79,25,53
13,43,15
3,82,22
90,86,56
16,2,131
76,38,9
56,88,11
35,12,3
81,77,2
18,4,98
50,54,14
66,66,276
17,51,15
49,82,6
93,82,10
38,22,18
45,18,43
79,86,35
11,2,259
99,21,11
54,62,11
20,13,7
37,27,33
28,85,29
85,83,26
124,99,39
80,88,62
82,4,15
99,125,6
78,87,57
84,13,9
27,33,11
33,23,19
54,54,256
86,16,7
77,71,3
37,63,1
76,43,6
20,122,2
21,85,77
10,85,11
13,37,14
42,2,55
7,27,7
3,13,42
18,68,10
66,67,18
9,55,3
84,29,30
52,69,47
12,22,3
4,55,23
36,30,28
28,74,13
10,13,90
33,39,1
88,26,10
23,85,28
54,8,12
67,15,7
49,63,9
8,41,20
16,11,81
54,46,54
25,89,53
21,27,27
30,42,89
78,31,3
45,44,216
84,52,12
26,73,10
86,86,195
84,36,50
90,75,33
15,8,18
10,33,5
90,68,7
85,17,12
49,62,41
85,45,16
3,22,5
65,49,75
4,43,6
90,5,17
76,73,123
86,10,5
84,53,3
41,45,14
34,84,47
68,47,3
19,19,252
59,51,14
36,49,10
11,71,11
33,89,21
21,43,21
4,54,10
3,5,13
80,45,22
73,84,42
80,12,19
41,2,94
71,89,35
37,33,55
15,29,22
33,20,23
10,11,78
38,26,58
31,42,11
70,54,31
2,14,47
90,46,59
83,82,199
88,62,4
8,15,18
74,45,42
44,49,50
31,32,53
31,34,106
58,86,3
80,70,8
34,83,23
57,56,180
15,10,21
18,55,45
84,75,24
27,15,83
121,4,84
34,23,106
71,85,17
30,34,186
76,6,29
5,15,14
78,7,2
39,16,3
32,37,55
82,29,13
28,22,13
89,13,28
41,13,41
90,123,5
25,23,50
30,21,75
17,59,10
57,59,10
69,90,18
36,36,422
35,31,37
18,90,53
38,81,5
42,81,4
91,91,89
126,5,26
44,71,22
24,79,20
13,90,32
55,60,20
46,58,70
8,13,55
8,59,3
52,62,49
41,20,37
8,89,55
7,17,25
7,56,18
21,24,44
99,49,15
31,82,3
15,33,14
56,65,21
23,38,34
18,60,14
88,90,200
89,17,163
74,28,9
40,20,4
87,86,65
84,45,29
50,51,32
122,36,2
89,63,5
6,2,174
19,35,27
84,12,8
53,57,102
40,21,15
46,90,75
9,8,30
84,73,57
84,68,4
90,15,64
90,21,28
85,50,12
77,6,12
12,27,87
36,124,1
25,18,41
80,83,45
73,71,2
28,76,19
33,37,52
62,58,7
90,3,64
86,87,52
55,84,3
51,57,23
19,36,26
80,76,194
83,9,7
56,66,5
87,71,2
21,88,10
75,88,62
77,35,5
89,23,5
99,5,169
37,52,5
5,6,26
44,22,1
17,70,19
56,27,6
7,62,1
84,71,7
55,15,2
28,79,5
66,42,3
9,43,39
57,49,31
41,53,6
41,86,9
18,124,10
11,55,14
2,73,60
88,45,45
20,22,165
99,19,2
89,5,27
57,91,5
93,76,11
57,51,13
78,82,67
4,27,18
4,25,47
18,70,19
8,49,11
68,78,2
69,78,5
71,3,12
16,74,21
10,26,55
81,42,1
90,85,48
58,58,267
3,74,31
12,123,4
71,44,30
82,66,7
34,88,11
78,71,9
85,74,37
3,20,13
2,37,66
3,73,22
99,68,8
50,21,8
37,89,14
27,3,54
24,99,21
85,15,124
76,68,5
76,69,17
46,77,6
76,29,20
10,6,250
90,26,27
38,40,7
42,40,21
44,60,45
89,30,6
53,124,4
2,22,28
79,88,32
41,33,21
25,17,28
51,69,84
37,28,14
85,37,64
49,26,7
53,73,1
84,39,2
91,78,20
8,17,69
8,56,14
54,7,7
93,79,4
45,75,24
76,35,13
45,34,18
77,76,38
80,77,100
6,71,7
15,13,36
54,25,14
41,11,40
25,32,59
65,61,2
45,21,6
9,78,14
45,78,38
49,48,41
73,88,29
38,30,66
49,57,46
31,30,41
89,64,10
81,79,4
3,88,21
43,75,3
3,2,195
3,46,18
12,39,4
79,39,2
86,51,7
78,49,16
53,17,20
25,49,23
27,17,22
27,46,11
34,85,86
49,4,14
61,66,33
18,27,20
24,32,20
78,15,11
36,21,54
15,85,134
85,6,15
84,49,10
82,37,30
75,79,37
23,35,68
45,88,53
17,10,16
56,10,7
58,4,10
57,34,4
52,86,38
25,51,14
26,35,35
58,5,8
13,9,82
80,37,36
15,78,13
82,35,15
85,10,20
17,16,24
56,16,6
4,18,146
17,13,38
56,13,13
74,87,39
83,32,11
37,5,9
99,16,11
89,15,24
17,25,27
52,88,28
24,21,37
88,6,28
69,33,2
57,69,12
3,12,32
4,11,72
16,27,124
90,71,10
34,8,15
51,52,138
52,44,179
16,91,3
2,23,17
21,40,12
67,55,1
8,60,12
38,74,7
52,58,52
94,96,186
45,124,2
21,76,17
3,41,53
2,64,6
35,43,19
74,41,21
15,30,14
50,90,50
80,49,13
3,33,15
88,51,9
20,123,1
99,32,5
15,123,10
24,74,21
15,90,75
90,59,9
69,60,440
26,66,2
29,36,53
90,60,20
45,85,18
5,16,10
51,88,20
85,99,16
77,50,7
70,46,36
70,56,14
3,4,27
84,26,31
81,28,9
25,83,33
41,74,22
9,29,46
84,28,23
49,45,85
11,85,17
71,45,41
87,87,172
88,25,43
52,54,122
79,90,38
80,2,106
76,64,2
52,90,35
46,65,52
41,68,3
41,69,2
41,76,17
5,122,39
82,78,56
24,42,11
82,51,7
53,21,3
23,34,125
21,94,1
49,59,15
18,43,9
50,75,11
4,40,10
4,7,57
34,33,231
58,55,28
48,70,20
78,26,22
21,23,357
28,65,3
49,58,124
12,25,46
79,5,5
67,48,4
22,76,16
9,32,11
79,24,19
89,12,14
11,46,16
50,80,21
25,77,15
24,15,24
28,84,34
25,82,59
47,66,50
30,32,66
7,4,58
89,22,9
27,32,21
13,45,10
59,64,36
8,46,19
26,84,35
85,70,10
80,89,34
80,30,11
46,73,3
45,36,9
27,90,44
47,68,7
5,93,9
30,85,33
90,35,7
88,60,18
23,15,6
38,43,63
6,26,31
90,16,40
90,9,29
90,67,4
90,43,7
78,74,222
45,79,26
9,33,9
24,41,18
48,66,21
85,41,38
3,52,20
40,60,3
91,10,2
16,26,40
89,67,7
12,51,7
53,2,56
55,90,14
79,35,8
3,30,13
76,83,21
91,90,14
84,99,10
5,2,100
69,65,14
70,65,29
33,27,13
85,75,6
9,13,98
14,30,3
14,121,1
69,59,26
46,48,12
84,88,20
60,44,54
18,5,40
76,62,5
10,77,4
11,58,6
19,50,8
77,15,11
10,27,68
90,99,12
37,15,46
37,38,34
19,46,12
17,123,5
30,12,9
15,26,38
16,90,38
86,99,13
76,57,22
27,23,6
22,85,53
46,14,8
76,28,14
52,84,20
76,65,9
32,90,22
34,90,29
87,5,3
26,14,4
13,16,119
41,15,47
3,85,33
68,52,38
90,18,64
21,32,112
12,68,2
11,66,5
54,123,3
123,15,7
52,59,23
83,37,11
51,74,15
46,59,11
34,78,17
41,80,46
17,69,6
84,76,59
14,21,10
71,67,166
24,4,8
34,19,38
46,41,5
89,8,52
18,12,34
74,22,8
78,17,5
78,56,6
27,85,44
4,12,22
67,45,14
82,70,3
99,59,9
35,33,23
67,83,2
70,59,32
26,6,41
79,80,127
74,80,132
53,89,11
74,2,97
74,18,17
45,47,4
13,42,11
25,13,51
24,45,12
82,33,34
85,3,25
46,66,20
30,39,8
31,78,2
6,50,13
74,81,1
33,29,13
66,44,36
88,34,8
25,73,35
25,60,14
19,70,4
73,32,5
73,34,7
43,35,23
5,27,15
36,28,35
54,42,3
58,62,10
49,25,40
20,30,32
15,14,105
18,37,10
73,15,18
82,75,23
28,3,7
46,51,46
88,52,19
40,16,13
19,55,3
77,90,30
79,85,35
3,10,20
37,16,17
24,65,5
93,37,15
91,50,7
34,65,4
36,34,106
54,65,48
57,21,8
3,45,23
4,77,3
9,12,168
73,21,13
54,66,23
36,9,27
57,70,20
4,2,208
58,11,5
18,16,32
4,51,14
9,6,109
49,80,14
20,99,16
2,87,38
74,63,2
36,123,3
83,35,12
70,73,7
19,86,7
74,70,13
26,77,5
2,55,43
20,19,185
66,45,27
78,18,9
34,9,49
74,71,8
17,62,16
86,25,34
79,19,5
14,74,5
27,13,83
33,93,22
121,29,1
121,37,2
76,49,14
32,9,15
49,17,63
49,56,59
14,2,27
33,30,23
86,45,101
81,83,10
90,12,18
21,8,8
6,5,29
16,21,16
49,33,7
58,33,1
10,82,10
14,15,96
76,55,10
58,68,17
58,69,22
60,78,13
11,57,50
90,65,15
89,6,33
15,73,22
79,60,7
11,82,9
50,73,7
34,89,10
36,20,22
4,121,79
13,20,5
46,52,99
48,76,7
41,10,88
8,43,6
35,9,16
83,8,4
45,80,29
26,36,42
12,88,11
52,56,37
3,78,28
15,75,8
63,64,70
3,11,62
35,40,8
88,49,27
32,36,134
16,92,1
89,48,7
74,77,79
36,23,13
67,67,124
29,43,10
74,83,21
24,27,16
13,49,8
47,51,127
37,70,4
90,56,28
68,55,12
58,43,3
52,73,5
26,76,10
51,12,3
8,90,37
36,90,38
25,57,20
60,13,10
48,80,8
89,32,12
44,65,41
26,43,28
50,15,9
25,48,2
29,80,20
35,121,1
25,39,5
41,82,19
6,45,23
18,79,5
71,12,8
66,34,5
3,77,18
61,60,155
46,71,38
56,71,15
82,42,20
16,14,54
78,90,47
122,43,7
45,68,21
59,45,14
15,76,116
69,7,3
44,50,53
83,79,90
89,88,99
25,124,6
48,67,6
70,16,2
12,124,3
89,33,13
4,80,11
71,127,14
28,34,16
21,10,15
6,36,10
127,52,7
9,30,19
19,74,11
21,84,50
71,62,6
81,85,20
85,57,10
2,7,52
15,121,1
50,25,24
26,80,33
90,4,40
84,3,22
13,40,34
12,16,53
54,127,1
11,122,1
17,65,28
126,69,1
76,10,24
67,49,24
87,89,18
85,63,2
11,74,19
47,45,8
88,18,14
52,89,118
71,19,12
56,51,15
93,21,17
91,80,3
89,86,70
57,85,12
15,42,14
73,26,10
85,18,10
33,26,18
82,15,30
5,90,23
90,13,25
78,45,47
45,82,26
45,48,36
27,99,17
90,73,32
84,86,27
41,85,55
99,27,29
8,55,22
70,63,36
41,49,8
60,123,5
88,12,10
5,34,7
3,19,8
3,50,14
8,40,21
86,74,47
33,66,4
83,41,11
86,24,15
23,25,65
80,8,20
18,76,47
19,58,1
71,64,138
25,3,107
45,26,14
10,36,7
21,41,110
34,38,83
19,43,4
17,38,2
46,38,5
37,44,6
4,37,15
24,29,15
66,65,12
52,46,116
82,88,27
66,49,23
66,88,9
51,25,22
34,6,11
85,56,4
3,39,4
91,88,23
27,77,4
29,83,5
45,32,3
52,37,7
21,89,16
48,89,12
24,49,17
33,18,7
25,46,38
34,81,12
86,64,1
23,30,32
90,24,42
30,78,6
13,15,17
74,76,94
7,89,10
77,7,1
40,9,233
93,84,14
67,63,11
11,80,20
85,60,18
85,7,8
89,59,10
11,90,50
26,39,4
46,86,22
90,127,3
90,7,13
78,60,12
41,39,27
21,82,34
79,26,17
20,33,34
73,11,9
51,75,8
84,21,47
80,27,31
34,36,130
96,51,1
41,17,11
35,36,42
2,91,25
26,12,34
93,73,2
28,29,4
11,24,6
4,76,29
38,41,178
70,50,29
15,77,10
71,36,7
8,64,3
89,7,5
70,55,12
60,90,28
43,42,163
82,76,38
13,79,5
18,69,12
48,68,11
122,5,37
88,38,3
13,5,16
27,34,36
51,46,60
35,41,76
90,39,1
44,90,17
38,79,5
42,79,12
36,60,6
44,79,11
126,89,3
26,8,14
49,73,5
54,69,24
82,46,5
85,38,15
20,15,9
19,16,2
54,90,28
26,37,48
48,18,10
3,58,8
36,29,86
2,124,13
89,10,16
11,45,22
54,124,3
2,53,60
30,49,5
24,8,8
11,49,12
41,6,50
14,20,4
46,88,21
48,45,38
73,17,16
73,56,8
32,38,24
11,15,38
6,79,5
78,35,8
53,55,70
37,62,2
90,54,10
55,45,30
82,73,44
54,73,2
80,5,9
27,21,27
17,12,11
88,2,93
80,60,7
36,3,37
29,23,10
73,33,21
12,3,22
89,84,25
122,17,5
99,34,18
5,50,8
34,64,2
12,43,19
20,36,30
38,35,172
75,89,16
80,86,32
57,25,19
67,44,8
50,68,7
16,25,116
44,36,4
49,85,28
89,38,8
4,70,6
77,24,7
49,14,5
84,77,117
82,41,20
60,57,16
53,3,13
50,17,49
50,57,32
4,52,32
127,25,2
127,27,7
87,48,3
52,78,22
80,36,44
36,26,22
89,3,35
28,2,9
73,81,2
32,43,14
34,43,30
77,21,7
82,90,24
74,32,10
6,56,25
17,2,215
25,53,2
36,10,12
49,70,80
51,123,4
15,83,8
37,39,5
6,18,86
54,9,4
90,83,11
82,28,15
60,45,47
25,121,3
4,41,13
82,21,36
80,68,1
82,9,12
74,37,15
75,50,9
85,54,7
66,19,4
88,3,22
85,4,8
4,6,54
3,21,27
13,21,13
22,80,17
3,29,21
34,55,3
9,90,35
46,23,4
30,20,33
11,41,30
67,2,19
15,57,15
93,52,5
80,29,24
29,29,669
11,54,8
16,17,24
8,25,32
74,62,4
71,18,21
56,25,12
53,15,3
89,36,11
52,74,20
86,57,17
90,52,40
86,50,33
22,28,21
16,24,6
44,91,4
46,80,21
84,48,3
11,37,8
18,127,1
57,127,2
84,46,11
49,90,45
83,89,8
74,82,22
70,89,43
85,79,23
86,3,16
89,62,15
16,30,19
16,42,17
41,19,22
3,66,2
41,22,24
60,12,1
24,31,11
69,47,7
54,86,13
123,18,5
6,78,12
76,4,19
34,41,161
19,81,8
85,40,4
44,66,37
23,31,13
87,79,18
84,4,11
77,53,1
9,17,17
12,40,41
67,70,23
35,23,63
17,127,4
52,5,14
57,12,20
76,41,26
7,121,5
3,49,13
67,34,2
30,41,86
84,59,3
77,74,74
93,56,4
19,51,5
36,42,29
18,85,17
3,38,15
11,50,14
124,4,42
6,27,43
81,19,3
3,91,1
18,50,24
69,63,76
33,85,83
24,9,20
90,79,19
74,49,19
80,65,9
29,49,6
38,39,91
25,44,9
85,13,14
73,7,1
17,45,67
71,124,5
57,40,8
87,74,31
66,54,11
7,43,4
36,80,36
49,12,11
65,3,11
49,87,6
46,10,7
99,46,28
15,84,27
8,54,13
82,87,5
79,41,23
51,80,8
84,23,8
18,26,25
26,85,46
123,4,13
7,41,4
33,35,30
12,55,6
26,89,23
64,62,2
80,52,16
57,90,31
86,9,4
86,52,29
33,38,17
25,84,98
9,80,22
17,41,10
33,10,7
11,34,11
80,66,10
8,77,6
12,53,9
76,18,39
10,17,21
82,59,1
56,99,7
87,78,53
37,18,8
32,33,67
26,4,12
76,58,7
16,10,43
56,50,34
55,74,4
66,36,4
23,9,11
54,45,29
32,84,21
54,76,16
89,54,20
55,69,10
16,9,32
75,90,31
90,77,19
71,70,119
71,78,14
45,55,22
15,58,8
87,91,25
24,11,19
29,27,45
11,10,82
22,36,20
15,51,8
7,9,8
37,99,17
93,36,12
44,78,14
93,124,1
74,86,52
46,76,39
3,34,24
33,63,2
19,69,4
52,67,23
37,83,12
8,27,35
54,88,6
5,9,16
38,20,43
17,9,13
56,9,6
99,25,49
26,19,20
36,2,60
58,60,18
86,56,17
78,46,14
38,9,26
87,45,40
67,42,1
14,3,31
9,49,2
20,8,4
52,15,6
42,39,39
91,57,3
40,121,3
49,6,17
77,60,2
11,16,67
77,88,21
36,76,27
2,61,5
76,22,14
77,29,2
60,127,13
33,79,16
56,89,84
49,36,9
18,87,9
38,76,12
42,76,15
45,15,17
12,38,13
10,21,20
92,23,5
41,64,2
74,11,19
33,7,3
64,51,10
46,9,9
26,82,28
44,32,2
26,16,49
88,37,11
8,36,8
14,36,8
99,86,9
35,27,24
16,6,32
47,70,17
56,36,4
45,11,15
71,82,16
89,19,14
34,40,6
18,29,7
88,63,1
30,10,14
7,51,5
52,25,28
43,39,12
13,80,13
49,55,60
31,41,12
71,28,4
83,60,3
24,59,3
20,40,7
31,37,25
32,28,15
34,28,25
56,60,20
79,4,4
65,50,39
73,25,38
14,38,3
14,42,7
46,18,47
3,90,61
99,69,7
38,57,4
81,20,9
27,91,1
8,71,10
66,12,3
73,19,5
8,42,5
41,66,2
45,31,1
66,10,2
45,62,10
57,9,15
76,50,21
88,80,64
39,29,6
99,87,3
6,41,43
77,25,31
25,64,4
34,75,3
27,40,21
85,96,5
78,58,1
19,3,14
93,60,10
5,121,90
2,99,65
8,85,6
25,45,19
15,89,28
45,77,9
8,58,9
34,26,66
24,73,22
15,9,28
70,36,4
90,20,16
13,34,9
71,74,11
14,76,14
78,41,10
86,89,79
27,76,34
67,59,60
87,25,2
13,3,51
23,42,38
54,56,35
4,59,4
31,15,7
9,2,117
36,5,7
124,50,3
2,79,51
5,13,23
36,93,7
63,2,8
5,56,24
75,84,16
51,58,22
79,29,7
10,2,118
11,48,1
51,78,13
3,17,49
76,45,30
16,36,13
8,63,2
24,60,14
46,67,10
52,22,4
78,73,32
73,6,9
73,12,3
57,2,188
75,41,6
3,86,10
126,124,10
85,39,6
3,8,35
6,51,6
86,54,4
81,22,11
64,66,11
12,93,5
65,51,50
77,45,23
77,18,8
50,76,17
83,80,41
28,86,7
12,23,5
10,23,4
49,8,14
21,31,26
49,53,9
29,9,56
6,15,16
89,9,16
127,121,5
28,33,24
8,10,54
50,18,35
88,10,6
52,29,1
45,86,118
52,4,24
55,8,14
14,35,3
28,12,1
36,41,58
48,34,5
23,24,21
11,70,6
44,86,24
28,38,6
11,76,42
85,121,2
70,13,3
6,30,4
29,33,25
25,69,4
25,70,12
14,29,7
3,123,2
88,48,5
84,54,4
24,17,11
42,25,82
83,12,3
25,74,43
12,17,25
15,32,16
18,42,7
77,26,9
26,13,26
39,30,8
67,51,11
42,43,139
53,53,132
11,20,5
76,2,199
42,19,26
30,83,10
3,9,23
31,22,6
34,79,20
27,6,51
88,91,24
60,87,3
88,27,19
17,44,14
18,38,5
26,88,16
82,36,34
20,26,14
88,13,11
34,4,7
16,82,13
39,23,5
85,73,21
7,22,3
13,71,3
37,45,7
78,76,50
64,49,7
24,50,14
54,52,119
50,59,4
8,35,7
25,56,21
17,68,5
49,7,7
51,48,45
13,41,37
3,23,6
70,86,8
65,45,61
50,13,9
64,69,83
60,82,6
15,18,27
76,15,126
43,25,33
84,66,8
42,37,41
15,27,79
41,83,11
37,60,6
43,90,13
9,31,3
45,4,15
29,34,66
14,34,7
12,52,6
25,79,44
86,18,14
124,54,3
66,7,1
99,13,13
6,4,45
22,30,10
57,7,41
69,46,22
11,84,13
11,68,2
15,49,15
88,79,34
13,74,18
15,34,30
25,96,1
46,45,79
25,14,61
77,34,16
83,52,6
37,88,5
56,90,35
32,24,25
17,33,4
5,82,2
10,8,58
89,29,16
45,39,1
53,49,7
30,26,47
75,66,2
76,52,30
8,4,62
73,9,9
86,40,3
83,68,4
50,48,7
88,65,9
2,67,11
83,46,3
11,67,3
70,45,42
35,32,51
52,18,28
52,57,47
123,83,3
21,9,27
78,127,4
71,79,5
58,2,29
88,57,14
88,56,11
58,90,24
34,11,7
16,124,2
57,26,11
49,54,129
16,84,15
37,76,32
15,16,87
45,16,18
59,61,11
29,10,26
53,29,1
53,37,3
21,16,25
73,29,6
95,96,28
46,27,14
121,17,5
121,56,2
9,15,23
88,46,23
88,83,8
44,25,11
19,92,20
51,64,17
38,16,14
36,51,2
43,6,13
52,85,22
35,10,10
33,59,4
29,90,22
79,55,2
93,86,8
86,85,15
11,52,13
73,27,11
5,123,90
4,58,18
69,6,4
6,89,37
24,38,11
56,33,2
78,91,15
55,48,6
27,43,22
50,40,2
25,75,9
52,42,2
34,49,7
32,76,17
46,4,27
58,50,29
51,66,108
88,42,5
93,25,32
4,16,36
93,26,7
35,39,16
35,60,5
92,15,1
36,43,9
73,37,8
61,50,4
55,17,30
55,56,20
83,3,6
17,50,38
82,74,26
71,63,28
93,19,4
8,47,2
86,66,5
56,75,6
55,44,27
46,79,10
8,78,10
31,49,1
19,18,5
46,40,4
2,96,7
55,5,11
66,37,2
99,24,25
50,66,16
91,87,27
73,46,8
50,86,40
65,75,8
82,17,9
82,56,5
26,2,82
24,43,5
60,89,41
80,28,18
7,25,10
21,74,10
83,25,29
35,3,12
35,20,43
99,89,20
121,45,6
11,29,7
59,68,27
59,69,35
51,17,20
16,15,67
80,71,11
65,36,1
79,73,49
83,23,5
14,12,11
42,27,75
77,48,3
15,71,4
123,34,3
86,13,10
7,29,3
54,2,38
55,46,29
76,87,11
5,10,11
77,70,4
16,53,6
43,16,6
6,76,28
68,64,62
69,64,79
46,87,12
56,87,4
4,88,11
24,94,1
27,20,12
51,47,117
19,85,38
19,52,7
76,20,11
17,3,40
56,3,28
87,88,92
46,78,17
44,68,12
79,18,9
48,52,79
99,88,9
66,89,9
5,44,2
15,82,23
73,89,15
42,3,23
76,40,4
43,11,7
71,65,19
58,53,22
14,27,42
12,37,14
33,88,11
23,69,1
51,3,15
68,67,15
31,31,35
45,74,33
18,10,35
29,14,8
82,77,37
30,25,78
30,46,1
17,40,6
19,65,3
6,35,7
89,58,21
40,80,4
13,26,26
69,45,24
66,2,20
60,80,11
18,80,20
58,15,9
74,6,15
74,12,11
59,67,54
5,42,5
89,55,20
44,33,3
74,91,15
53,4,27
64,68,62
75,87,69
25,5,27
17,83,5
92,21,8
71,41,12
61,36,3
55,41,2
62,62,87
38,33,16
17,15,22
64,59,27
85,90,43
19,10,7
80,44,8
16,38,19
81,21,8
99,26,16
58,80,4
59,49,19
15,52,12
127,71,14
28,35,3
22,41,20
73,48,1
12,85,26
46,16,4
18,13,52
57,13,22
57,41,6
30,23,26
62,25,4
66,80,7
25,68,7
122,90,2
16,51,2
66,86,9
93,71,4
52,17,50
19,29,14
7,38,1
58,63,2
35,29,46
35,37,72
31,35,30
90,31,2
65,84,4
15,38,11
70,18,24
124,15,2
52,2,79
121,18,7
67,50,8
87,75,87
36,31,21
43,15,3
24,13,5
83,15,5
56,37,4
123,82,2
18,66,9
88,85,30
45,69,17
43,9,49
89,37,12
3,84,21
29,38,48
3,127,2
84,17,11
84,56,6
14,90,9
31,9,4
42,13,11
123,21,1
9,11,55
56,73,5
21,18,8
80,9,24
18,71,17
57,71,18
42,85,44
40,26,43
56,69,6
6,99,11
127,87,2
17,11,37
56,11,17
16,31,4
44,34,6
55,59,8
6,37,16
85,71,14
18,45,40
70,25,15
83,22,14
51,55,18
49,41,8
58,41,4
38,5,8
60,22,4
19,84,25
44,6,8
55,18,40
55,57,68
45,56,41
49,64,13
60,48,14
52,53,8
74,23,4
51,54,42
48,48,102
54,89,22
53,14,3
53,27,6
51,68,47
38,48,2
42,48,1
99,93,15
39,38,87
39,42,50
84,123,9
51,89,40
62,89,18
123,57,4
86,121,1
86,8,18
16,85,13
75,59,3
51,59,10
13,58,6
67,47,5
37,50,7
89,31,4
5,55,12
49,9,1
46,44,35
46,42,4
49,18,33
23,89,4
74,13,13
82,85,57
89,83,12
74,10,15
74,35,13
73,60,1
18,19,4
5,41,18
48,41,2
86,35,5
16,80,28
54,78,5
48,47,7
3,7,8
77,51,6
91,86,54
27,82,9
76,71,14
78,40,2
58,52,56
6,58,7
88,16,12
19,76,20
76,13,38
25,93,26
19,21,59
80,123,2
11,87,13
46,19,8
18,3,50
84,18,13
99,9,9
63,65,2
34,62,2
71,33,4
24,75,4
12,18,31
126,126,8
89,35,8
48,87,2
21,12,9
71,57,25
75,83,8
27,70,8
66,84,9
82,93,14
49,5,16
13,2,129
50,60,27
18,63,5
41,77,11
32,41,81
42,18,4
45,3,25
54,80,5
65,25,14
12,14,10
26,121,1
70,58,19
13,66,5
50,9,2
22,88,9
71,5,11
78,48,6
15,39,5
5,12,12
62,70,9
24,16,8
68,89,14
38,24,8
8,91,7
39,18,4
46,32,5
60,11,9
59,66,23
28,42,7
14,11,11
21,39,12
56,24,1
58,45,23
59,40,2
7,13,12
49,84,18
3,125,2
77,37,2
6,46,19
30,38,59
35,52,4
7,91,1
4,53,21
7,86,5
79,76,58
70,34,7
7,123,3
14,39,1
18,59,5
11,43,8
88,99,8
49,76,27
61,65,3
86,76,26
121,12,5
88,20,10
21,73,11
33,90,50
83,88,5
40,13,27
38,15,8
42,15,21
79,27,8
81,34,5
29,2,34
37,2,60
99,45,12
46,26,16
78,66,5
83,75,5
41,5,19
88,4,5
37,59,5
6,52,7
79,75,28
76,21,19
16,75,5
73,54,6
38,29,34
57,52,46
41,12,49
46,21,9
57,77,2
42,73,10
13,4,25
82,20,19
12,8,37
30,65,3
30,16,16
58,35,3
9,82,17
44,2,50
11,60,6
84,7,3
25,99,32
78,39,2
55,86,10
79,37,14
13,7,15
20,2,35
50,55,8
88,32,5
83,28,6
123,36,3
51,50,47
27,22,7
89,66,11
13,29,15
20,29,8
86,33,6
24,68,5
83,21,10
74,27,28
44,55,32
52,91,7
11,53,17
12,45,12
24,58,5
16,123,2
66,74,9
45,87,34
41,18,13
60,55,11
85,81,24
16,48,5
123,5,69
83,16,2
56,45,46
33,16,10
36,74,11
93,13,4
33,11,7
20,17,8
20,57,6
58,24,2
40,2,46
60,20,8
51,76,20
13,50,8
26,62,1
16,79,7
21,79,16
35,90,15
23,16,7
34,86,11
15,87,10
58,30,3
25,91,6
60,86,12
10,45,10
32,26,28
45,6,18
77,75,22
123,38,2
32,52,3
32,16,6
34,16,11
14,10,6
26,33,18
91,8,3
11,78,12
42,123,1
18,48,6
14,26,11
27,86,12
91,46,4
78,16,10
4,42,8
55,49,72
52,3,22
4,3,26
126,8,3
92,20,31
14,78,6
91,74,8
43,20,17
13,89,26
36,13,15
33,32,66
38,25,47
76,81,4
83,30,6
29,73,5
22,79,6
92,29,1
24,5,11
50,85,12
77,42,2
88,41,11
90,14,12
122,4,28
4,26,19
23,92,6
54,85,7
35,75,1
99,14,3
33,82,47
6,28,4
54,13,4
47,49,6
28,8,2
81,81,10
88,33,12
63,71,24
34,60,4
124,51,3
46,6,16
68,63,92
36,70,3
71,46,35
7,74,2
83,31,5
83,56,5
13,35,10
24,61,2
7,65,2
32,31,51
34,31,119
34,63,2
30,13,10
63,69,55
63,70,33
22,84,39
57,122,2
11,127,2
35,68,2
121,123,3
56,40,5
80,13,11
27,80,24
9,68,5
76,11,43
12,7,5
24,3,18
23,6,7
93,17,2
12,78,2
8,44,5
80,20,15
123,85,5
9,121,2
83,13,7
13,54,4
15,22,14
86,15,10
36,83,10
22,71,3
5,126,23
20,69,1
91,25,6
61,51,15
52,33,4
89,14,6
7,23,1
17,76,36
37,82,27
19,83,19
35,26,29
88,28,7
21,17,9
68,54,11
69,54,15
23,36,16
23,66,1
10,60,3
124,2,13
58,40,2
74,33,12
12,4,11
45,83,8
93,70,5
46,2,120
17,20,3
57,20,4
89,41,20
14,32,3
65,66,21
67,57,3
44,74,11
127,89,5
66,73,1
57,6,46
18,73,9
16,89,18
127,46,6
96,93,7
89,73,17
48,46,14
26,23,17
79,20,6
60,36,3
74,44,10
58,85,11
36,12,5
57,8,66
31,68,1
22,26,11
22,55,2
55,53,92
74,30,5
65,78,8
84,16,13
20,25,60
28,37,16
2,92,5
91,51,2
16,4,15
123,123,20
33,46,10
65,34,6
45,61,8
123,37,4
17,48,2
39,39,91
60,85,16
42,51,5
4,71,9
15,65,3
41,93,12
74,8,18
53,18,48
54,37,2
17,55,24
44,47,10
75,65,8
76,86,21
4,124,33
89,21,21
13,30,8
78,36,10
77,84,160
36,47,2
30,40,2
40,6,46
40,8,22
88,47,3
31,25,30
85,11,14
32,2,17
85,124,3
15,88,14
36,84,47
8,34,6
66,25,5
8,68,4
26,50,5
14,8,8
78,6,10
10,73,7
79,14,3
75,26,5
12,32,5
6,54,8
99,84,17
13,17,21
123,27,5
80,67,4
15,43,8
80,53,3
15,69,4
15,70,4
31,26,4
92,76,5
88,40,4
28,81,7
39,85,4
84,70,6
56,42,5
11,86,7
49,13,9
38,73,6
27,84,19
82,31,3
99,33,8
79,65,4
80,38,5
31,20,5
42,35,87
47,33,2
55,82,5
5,8,43
56,70,16
86,69,7
22,38,24
22,42,16
44,69,23
44,70,30
59,52,21
24,88,26
4,74,14
16,58,5
90,91,10
84,69,1
8,14,5
52,6,5
87,77,9
5,58,6
37,78,7
69,17,9
55,12,9
25,8,45
46,33,4
77,86,27
7,26,9
7,46,14
87,70,1
54,22,4
29,32,32
57,80,12
11,32,9
38,12,9
21,6,15
84,81,11
3,61,1
71,52,77
17,26,8
56,26,6
62,51,20
3,59,6
19,88,5
88,59,3
11,14,18
75,2,27
80,11,12
79,44,9
45,37,10
51,22,7
25,12,59
42,16,22
23,37,44
70,6,6
7,66,5
13,38,13
16,60,4
6,55,5
58,36,1
20,93,13
22,46,5
6,73,9
14,6,10
19,78,6
34,13,11
8,99,19
86,88,113
4,29,3
77,23,2
76,51,9
86,123,2
79,49,2
73,86,8
15,50,12
37,74,16
75,73,12
76,31,2
9,5,20
83,59,5
90,124,4
40,10,62
78,29,7
59,17,12
76,53,11
17,75,10
93,9,11
86,26,17
76,56,25
51,45,80
23,29,11
78,13,14
9,53,6
88,8,15
68,62,6
24,2,49
41,99,7
4,79,11
29,3,22
60,54,51
50,16,8
44,61,3
18,126,2
77,3,15
10,24,8
69,89,27
32,89,3
41,70,7
89,16,18
42,20,40
93,30,10
8,30,3
23,77,4
82,99,12
6,85,20
5,74,7
58,78,4
57,3,26
87,28,1
6,40,42
17,84,15
33,86,7
84,31,2
54,12,3
92,26,2
27,35,18
71,126,1
10,29,25
66,85,5
8,74,15
11,123,2
54,83,2
75,70,2
34,52,6
53,60,3
38,56,1
44,89,34
30,36,31
56,15,12
8,39,1
76,26,20
43,81,4
23,50,5
93,29,8
66,58,7
12,76,17
89,77,10
16,18,31
48,53,2
69,26,2
74,26,12
9,71,4
99,122,9
4,99,64
14,41,8
29,7,1
6,34,14
45,53,11
7,85,5
76,30,11
3,51,9
20,90,25
10,25,44
74,3,30
8,87,10
52,11,9
12,57,17
41,84,35
35,15,23
79,36,20
66,16,2
93,46,6
11,77,6
11,39,3
6,90,52
35,79,9
99,51,8
50,6,13
13,36,15
25,28,17
57,68,3
16,77,4
99,2,37
75,80,21
76,75,16
8,52,11
66,23,2
83,29,10
19,89,19
52,16,4
7,6,22
79,34,19
18,32,4
99,40,7
86,2,55
41,79,16
34,18,9
43,2,29
41,88,15
80,14,6
84,6,3
23,124,1
12,79,11
88,30,6
25,55,7
16,40,12
9,3,32
43,26,27
32,82,24
77,99,5
83,73,17
59,89,9
38,122,4
48,13,4
32,79,7
21,29,58
18,88,20
24,57,7
127,122,1
29,40,9
44,58,17
78,27,13
15,2,118
77,89,11
57,11,50
12,36,7
21,5,7
85,58,5
52,30,1
10,42,12
91,77,2
93,94,5
65,37,3
90,38,8
84,40,1
43,12,16
69,52,51
16,45,16
93,49,10
73,87,5
82,52,15
20,5,6
22,93,12
3,24,14
19,90,14
88,7,1
76,121,1
99,71,15
54,14,2
54,27,8
67,90,16
9,76,20
71,17,26
40,23,6
75,91,18
33,84,49
26,87,4
18,9,21
81,25,4
8,37,8
33,123,3
83,18,2
3,87,5
4,9,13
86,70,9
6,7,25
9,99,16
11,38,9
51,63,11
99,58,6
9,77,7
99,81,4
79,91,6
17,29,3
65,82,2
74,66,8
22,83,12
73,75,9
32,10,10
19,80,13
64,55,4
85,53,2
58,66,5
13,87,7
37,4,10
18,22,7
57,22,1
5,23,7
77,124,1
60,4,13
71,87,8
37,69,4
25,65,9
35,82,20
76,93,10
55,70,10
91,76,3
41,58,5
53,9,5
37,123,3
12,56,7
82,71,10
44,12,2
22,78,6
38,92,5
84,44,9
55,65,11
15,35,17
10,57,25
80,91,3
22,43,4
17,47,4
32,88,8
75,6,5
5,64,3
76,63,1
55,37,4
65,27,4
44,21,5
15,54,5
35,74,10
18,54,15
68,13,1
18,86,13
42,45,4
8,88,9
14,16,70
33,8,7
22,82,22
10,18,27
48,59,9
66,47,21
86,42,7
86,41,16
12,70,4
3,55,4
61,89,3
86,68,4
6,86,13
76,48,4
8,50,20
24,69,9
91,89,4
26,70,8
16,57,24
12,54,6
96,95,12
71,80,8
24,66,5
79,30,6
93,59,4
51,37,5
38,27,39
25,66,6
17,52,36
4,15,28
127,54,3
10,79,6
74,40,5
15,5,11
74,38,4
68,75,1
31,29,11
58,8,13
10,65,4
96,33,1
123,80,5
27,36,20
64,56,1
34,66,6
10,7,5
20,27,13
84,58,2
78,85,26
48,69,16
9,58,8
34,58,2
58,42,3
5,38,6
73,51,4
69,80,6
51,90,25
21,58,4
78,28,5
88,58,4
127,4,1
69,58,11
13,55,7
63,54,4
30,84,19
91,79,5
54,63,7
18,77,5
44,76,11
22,15,15
27,53,5
77,49,8
7,44,6
50,87,19
93,67,2
24,53,2
13,85,13
43,10,15
25,86,35
13,65,5
6,43,8
60,18,12
29,76,18
33,98,1
89,87,19
19,15,16
57,76,22
60,30,1
44,57,15
34,44,3
17,64,1
37,13,13
31,10,3
26,22,10
27,68,2
6,68,8
80,18,23
60,43,3
56,68,4
6,49,15
12,83,7
22,89,16
59,21,3
22,66,2
50,28,2
43,40,47
82,8,11
66,56,4
80,3,52
7,53,16
88,31,2
3,83,8
10,43,13
12,50,6
59,25,7
13,8,44
59,80,6
20,60,3
83,66,1
7,30,2
54,15,6
6,53,7
80,40,5
7,57,43
99,22,8
4,90,39
38,90,13
42,90,35
99,91,5
9,22,8
99,57,14
60,84,11
81,31,2
36,77,5
28,68,1
18,91,4
80,16,18
91,52,4
48,35,3
18,23,2
33,50,2
12,28,3
73,23,1
59,90,23
9,57,11
36,89,17
16,66,2
52,87,17
93,88,9
43,7,5
21,77,7
16,5,9
27,123,5
43,38,74
57,24,7
12,84,4
93,34,10
90,62,4
6,88,16
121,89,4
29,82,18
17,82,14
63,8,2
44,64,3
18,44,14
49,37,6
79,22,8
122,46,2
19,66,6
19,32,4
19,34,30
61,46,5
78,54,6
8,121,11
17,42,4
21,50,10
60,88,15
41,90,39
59,74,3
84,60,6
15,17,16
93,24,14
20,41,35
40,58,5
23,83,3
5,57,26
26,71,4
20,81,8
8,69,4
93,62,4
21,7,2
55,75,5
60,56,18
49,86,16
60,23,1
127,26,3
3,40,5
74,85,50
16,55,4
79,46,12
35,84,23
15,45,16
14,31,1
52,9,7
78,42,8
60,76,10
17,23,2
52,82,9
78,24,15
62,50,14
127,17,3
43,80,7
86,4,10
42,12,14
5,86,8
4,87,8
79,61,1
2,39,3
86,27,13
75,52,11
82,86,11
93,48,1
20,31,6
85,91,2
93,81,5
41,3,47
93,11,10
21,48,2
28,90,22
58,44,13
67,26,1
92,38,2
76,39,2
6,124,3
2,31,8
65,69,20
75,42,3
79,3,17
62,54,14
44,59,4
34,91,1
75,18,13
75,44,7
50,56,46
86,49,11
31,19,5
18,15,29
57,15,13
91,45,20
92,85,4
46,57,73
54,36,2
48,7,1
52,31,2
58,9,10
8,3,32
37,12,7
13,88,13
66,87,4
86,84,18
24,92,5
8,75,4
15,4,17
41,60,8
69,88,8
93,96,6
5,73,4
50,14,2
51,6,10
51,8,11
55,78,3
2,28,11
45,59,7
42,36,26
43,22,5
21,46,8
20,92,34
20,32,14
93,89,16
39,90,4
55,77,1
21,13,10
52,47,7
78,57,7
88,64,3
125,71,4
59,63,10
81,76,10
21,122,3
65,2,44
46,3,19
99,39,1
30,19,15
8,125,2
46,124,3
99,10,7
67,123,2
74,20,3
6,80,20
121,122,7
9,20,12
13,32,6
57,29,2
61,61,36
65,64,4
80,7,5
25,125,1
80,51,6
76,5,7
38,83,2
24,23,21
32,13,8
122,11,5
71,6,7
88,29,3
93,51,7
99,3,12
86,29,4
99,30,9
70,10,2
8,38,6
52,13,7
99,12,8
48,50,14
92,32,1
4,34,9
49,16,12
65,15,4
4,48,3
65,76,14
45,64,2
81,82,5
49,74,15
39,43,18
74,24,26
78,25,24
22,9,11
68,3,2
12,87,4
30,15,9
35,6,6
74,31,3
77,12,4
10,50,6
20,83,12
29,15,21
89,28,11
56,21,6
55,50,11
4,44,11
86,32,4
86,34,7
79,99,5
23,33,29
67,46,18
14,89,3
49,75,8
33,3,20
44,63,2
44,98,2
54,43,1
85,66,9
121,3,4
5,40,14
20,76,7
27,71,4
34,74,16
124,35,1
90,63,3
8,70,4
76,124,3
30,2,19
23,76,4
66,11,2
124,16,4
24,40,5
30,74,7
84,91,3
93,66,3
99,83,9
73,70,3
46,74,18
67,54,11
12,30,5
8,33,9
87,27,3
69,15,6
70,15,4
30,22,14
43,46,1
4,122,18
73,99,2
21,93,17
42,80,19
71,90,24
47,69,11
71,2,61
21,45,8
68,16,2
90,58,11
86,21,11
31,38,8
41,54,4
17,22,6
53,82,3
19,33,19
17,74,15
73,55,3
3,65,5
40,70,2
47,71,14
9,18,26
56,52,30
91,17,3
24,14,6
99,76,9
80,31,2
85,55,1
11,88,14
17,6,44
55,51,14
7,2,54
55,87,3
58,67,5
57,44,17
45,22,11
10,76,14
82,11,12
10,62,4
11,62,4
57,43,4
88,11,17
69,38,1
69,42,2
33,19,33
64,47,2
77,43,1
42,24,12
7,84,1
8,82,13
50,19,5
49,15,15
75,46,8
16,65,2
6,121,6
12,121,6
5,67,2
45,73,6
18,24,6
52,83,5
16,39,3
65,52,140
86,17,14
99,35,6
51,71,42
75,45,34
74,56,11
11,83,4
28,30,7
27,57,15
4,123,22
12,58,7
85,86,9
28,45,3
12,21,8
2,97,1
54,23,2
69,32,1
69,34,6
68,61,3
69,61,25
45,33,9
65,71,15
10,71,5
4,65,4
84,55,3
93,2,22
22,65,4
3,53,16
44,56,14
40,37,4
86,38,2
35,5,5
69,67,33
121,124,4
35,57,3
79,51,4
57,79,3
46,64,3
52,7,4
46,20,5
44,9,2
41,81,2
79,50,4
86,11,11
8,124,3
13,52,6
90,40,5
82,81,10
17,66,9
86,5,8
31,16,2
121,25,5
68,41,1
80,46,22
7,11,37
23,93,9
122,86,2
41,14,10
36,56,3
30,80,8
78,44,9
80,75,17
49,27,9
16,35,7
127,55,2
8,22,3
33,80,45
17,7,20
56,80,12
20,56,4
40,42,19
92,22,9
22,50,2
25,62,1
49,29,3
78,38,5
90,53,7
24,67,3
65,58,33
26,86,18
58,76,7
48,28,4
35,89,13
47,59,8
16,86,5
74,67,2
52,10,7
53,90,3
11,36,11
27,56,8
73,41,7
78,62,2
63,61,9
53,26,3
75,85,11
93,18,9
50,8,19
39,27,9
30,27,19
8,21,7
30,33,16
49,42,5
86,67,4
37,14,8
81,73,4
65,54,25
70,76,7
61,88,2
18,30,7
75,17,6
75,56,5
61,67,5
53,76,9
10,3,19
26,24,15
53,86,2
40,12,43
95,51,1
125,70,1
52,123,3
78,22,7
68,84,3
69,84,4
73,28,4
9,89,30
55,58,26
17,73,10
6,74,11
55,6,7
90,95,2
13,99,14
48,55,10
93,41,8
71,93,8
3,75,10
84,43,4
91,2,24
34,71,4
48,79,3
18,82,11
17,80,16
52,20,6
90,32,8
77,27,7
4,75,6
5,71,5
6,77,10
6,3,36
15,28,6
3,43,2
9,39,3
127,59,9
74,36,13
71,83,4
32,78,9
45,13,12
64,127,3
27,28,4
67,87,3
99,15,14
99,54,11
60,25,21
2,123,12
99,50,11
18,58,24
85,44,2
99,28,3
56,35,1
26,46,10
47,60,22
65,59,5
4,84,11
7,16,6
33,57,5
87,52,18
87,57,6
44,84,7
83,43,4
83,44,3
48,64,1
80,23,7
44,73,6
21,54,2
70,4,3
83,5,1
29,6,9
78,3,25
91,18,11
67,89,9
25,54,7
53,42,2
121,53,1
10,83,4
51,4,7
22,81,10
74,57,7
78,59,4
40,55,4
20,73,12
126,4,4
66,55,6
40,27,16
50,26,5
22,90,25
69,3,2
73,58,3
54,121,1
88,36,7
82,10,7
82,27,11
16,56,10
36,87,4
67,84,5
70,27,7
51,99,7
54,16,3
93,33,17
15,124,4
67,52,24
62,11,2
71,34,4
27,88,16
24,44,6
53,121,3
27,14,39
99,80,14
28,9,1
70,62,15
86,6,9
8,73,9
75,55,2
123,56,3
7,10,9
18,84,14
4,68,9
5,39,2
45,67,9
82,2,53
32,27,23
56,44,21
82,6,8
58,12,3
38,99,6
10,5,13
43,88,7
12,77,5
83,4,4
5,45,13
29,78,8
51,87,6
90,64,4
19,2,25
31,23,5
46,63,1
78,65,4
55,2,55
7,93,2
88,19,10
94,28,2
23,27,10
81,37,2
69,24,6
39,34,10
13,75,7
87,8,2
86,83,8
73,49,3
27,79,10
65,86,10
69,49,50
69,36,4
68,85,8
83,38,5
29,44,7
16,50,8
83,17,6
64,67,22
19,79,7
54,24,2
39,41,31
13,33,7
56,53,17
77,11,10
68,50,12
39,35,15
56,7,9
46,34,10
36,44,4
46,83,3
121,26,3
29,39,5
17,67,3
42,74,8
67,58,10
55,7,8
74,29,4
10,78,10
53,8,14
67,36,1
13,19,8
56,74,10
93,20,8
69,22,2
50,11,8
24,56,5
20,43,14
127,76,2
65,56,25
53,52,8
62,52,50
80,19,15
61,80,1
46,99,11
61,63,8
14,18,12
3,68,1
12,65,1
99,41,6
78,37,12
66,52,23
3,124,2
78,2,58
57,82,5
123,29,2
77,44,6
29,17,4
54,64,8
49,35,3
25,92,6
75,86,29
6,48,1
70,80,5
40,32,8
40,34,13
122,57,3
125,57,4
13,56,13
13,69,3
43,29,15
6,93,1
45,91,12
60,79,5
64,88,4
87,50,11
16,46,7
51,127,5
23,12,6
22,29,15
74,19,5
86,71,8
79,7,3
51,86,11
60,73,6
38,6,6
53,45,5
21,11,16
16,23,5
91,6,7
58,34,3
93,83,4
13,59,4
51,56,17
122,18,5
83,78,23
27,7,4
29,68,2
19,27,11
40,73,4
71,24,13
15,79,12
44,29,2
48,12,2
79,10,2
127,56,2
13,23,1
4,45,22
35,8,3
14,84,5
36,39,3
53,83,1
58,18,28
7,71,10
56,19,3
15,93,6
33,60,6
91,26,1
16,8,35
17,14,6
87,2,39
82,26,27
21,4,4
45,19,15
42,9,50
49,124,3
15,91,5
82,16,10
80,121,2
49,3,14
126,24,6
73,50,11
3,48,1
125,99,18
86,20,9
23,99,6
70,7,2
69,2,16
20,52,6
36,6,8
11,99,13
94,9,2
51,84,6
81,32,3
50,82,9
46,11,14
30,53,4
87,14,2
93,22,9
95,95,10
79,42,7
27,49,4
74,64,2
70,28,5
7,80,7
42,33,14
6,14,8
43,3,8
26,92,2
46,30,2
42,82,10
22,87,4
19,93,8
35,11,9
48,26,3
62,46,23
76,44,4
21,92,4
122,13,1
49,93,8
90,48,8
3,28,4
20,11,4
35,93,9
31,85,9
49,81,1
88,68,2
122,68,2
33,78,19
6,75,6
42,31,21
125,126,4
21,71,3
127,13,3
80,17,17
70,17,18
21,60,8
70,67,23
43,5,5
93,27,11
59,42,6
94,46,1
18,14,7
59,57,6
27,11,52
121,127,3
70,83,1
20,82,25
71,48,16
11,33,4
3,32,9
87,44,7
97,9,1
54,81,1
78,14,1
28,6,3
59,16,3
4,82,6
49,83,3
41,71,6
79,54,1
123,16,1
75,23,1
57,74,5
18,75,13
44,4,19
73,5,5
7,49,8
7,40,6
55,61,1
62,71,3
3,69,4
121,16,3
46,8,9
33,52,4
90,29,11
62,56,9
71,58,14
27,87,2
31,52,3
52,27,7
28,87,2
19,4,3
69,62,9
69,76,10
78,23,5
123,84,5
79,92,3
56,14,3
87,15,3
121,44,5
16,19,7
41,8,16
94,51,1
40,24,6
29,93,7
19,49,3
92,36,1
51,67,9
46,7,6
48,58,13
3,79,15
66,4,6
57,84,10
86,30,1
68,18,6
5,51,3
99,67,1
29,99,7
89,91,9
33,31,11
7,34,2
68,10,6
53,58,8
66,61,15
33,6,3
12,29,10
13,93,2
18,35,6
82,5,4
40,38,12
127,127,12
127,66,3
87,65,4
85,59,2
60,27,4
65,17,31
49,20,2
35,87,1
17,85,17
31,44,1
75,25,9
70,22,10
121,19,2
64,2,6
49,10,8
87,60,2
41,31,17
122,25,3
60,53,4
46,5,16
29,19,4
66,63,7
51,93,5
123,42,1
16,78,8
19,75,9
50,4,12
16,99,8
60,83,5
40,5,8
57,124,6
64,23,1
6,21,7
125,127,2
54,11,10
67,85,3
41,57,4
65,60,18
57,87,4
86,60,9
89,34,8
75,82,20
61,59,7
60,8,10
59,56,11
31,6,3
77,8,8
76,91,5
29,31,10
66,99,7
25,81,8
81,93,10
71,10,5
43,60,2
65,18,18
65,57,15
56,76,16
75,28,3
47,44,17
28,121,1
14,79,6
19,30,8
14,4,5
27,4,16
60,15,5
75,15,13
75,29,4
22,73,5
41,44,3
24,77,11
77,17,7
70,37,5
121,46,3
77,9,12
49,32,3
43,82,6
50,88,22
79,13,2
60,34,2
21,87,3
39,32,5
84,93,22
122,85,6
45,20,5
121,49,7
23,10,10
7,48,1
55,42,3
65,40,1
30,66,1
4,69,3
51,15,7
75,5,5
82,23,10
20,6,5
57,78,6
17,124,3
56,124,2
35,24,15
16,34,11
27,55,3
29,5,7
44,67,7
28,41,3
68,2,18
14,13,16
5,20,11
94,42,1
121,52,2
59,55,5
87,56,6
71,123,6
31,33,8
75,19,6
52,99,9
79,52,11
26,91,4
51,125,1
99,6,11
16,52,7
44,15,6
10,35,8
67,29,3
67,37,2
59,50,13
17,77,3
81,74,1
22,13,5
10,14,4
69,10,1
62,68,3
34,67,3
15,46,21
51,73,5
93,4,4
55,127,3
67,24,4
35,46,3
11,69,3
33,96,2
12,89,17
41,28,3
79,33,9
4,63,1
127,68,3
65,70,44
9,123,1
83,90,17
38,54,2
62,16,4
52,75,11
7,37,2
47,46,6
79,6,3
4,31,3
57,27,5
5,24,7
20,84,23
78,20,5
8,79,4
28,89,6
24,121,1
6,84,3
81,80,16
99,77,2
42,10,19
59,76,5
36,79,9
53,87,3
51,41,7
87,58,4
6,44,4
80,58,4
22,57,2
56,85,9
70,74,9
71,73,4
82,18,14
82,57,6
25,58,9
7,99,20
87,6,7
42,89,16
127,73,1
127,77,2
16,121,3
62,4,5
80,93,9
87,13,5
58,99,9
84,121,1
28,25,15
82,38,5
17,91,7
53,88,1
37,71,4
44,18,15
43,45,4
36,57,5
99,38,4
99,42,9
32,22,9
62,6,2
62,8,1
42,8,4
70,41,4
49,30,4
79,16,3
47,24,1
53,7,16
21,57,5
34,93,15
69,21,4
52,77,10
37,58,2
9,4,5
86,59,2
99,63,1
23,4,2
88,53,1
29,66,2
45,12,12
70,47,9
28,70,2
33,14,3
15,40,5
62,48,3
5,88,12
23,73,5
7,54,5
43,27,24
122,122,12
36,73,8
27,60,6
92,68,1
3,92,1
28,48,2
62,45,15
5,60,6
55,85,3
78,68,5
61,90,4
11,59,2
15,31,10
7,32,2
44,53,3
32,81,9
64,22,1
51,62,11
76,14,11
83,27,5
99,47,3
50,27,7
7,12,6
36,99,9
55,11,17
10,4,11
67,17,8
15,24,35
59,36,3
23,11,4
88,55,4
78,12,8
46,121,3
127,57,5
56,22,4
19,68,3
124,122,18
50,84,11
81,23,3
123,74,3
57,123,3
37,73,9
4,60,9
12,46,4
33,15,22
70,23,2
47,63,2
45,27,13
27,44,2
18,123,2
29,70,2
43,23,8
5,84,10
51,19,8
52,124,6
24,86,19
86,19,9
82,67,1
51,14,1
123,43,1
48,57,16
56,84,9
40,44,3
20,28,8
29,71,2
56,62,7
10,91,3
35,76,15
38,36,21
99,62,4
93,74,6
29,11,13
9,7,14
73,10,10
32,86,7
15,6,22
69,20,2
75,8,6
69,50,21
84,92,3
19,67,1
68,46,11
121,30,1
22,27,10
127,69,5
66,78,7
77,2,26
76,66,3
71,4,7
36,52,5
2,127,9
55,89,26
99,78,6
22,45,4
90,66,6
29,24,23
52,41,8
65,88,11
48,5,2
88,122,1
13,18,43
40,89,8
20,78,7
33,68,3
59,46,18
41,51,9
46,123,4
87,83,3
121,57,11
21,75,4
52,36,7
67,56,11
80,99,17
33,62,2
62,69,8
43,76,6
43,83,4
7,59,4
87,41,3
93,15,8
48,20,1
81,36,6
10,66,3
21,78,7
22,11,2
125,6,2
99,44,5
24,51,4
29,53,2
38,2,28
46,93,9
22,86,6
91,69,2
33,99,13
99,23,7
122,58,1
87,76,10
35,28,3
124,8,4
122,123,2
67,10,2
44,30,1
86,37,8
46,85,16
44,80,9
93,75,1
53,6,9
74,14,6
127,3,1
13,51,2
83,6,3
20,12,3
124,85,4
77,56,6
99,96,4
42,28,6
27,51,2
13,44,6
66,76,7
24,98,1
29,84,26
77,22,4
59,29,4
59,58,10
46,47,3
56,47,2
20,89,10
28,56,3
99,43,6
23,80,9
125,60,4
9,73,9
51,24,6
69,12,3
4,14,3
3,31,2
42,99,4
60,14,2
4,127,1
76,19,10
84,8,9
96,8,1
30,90,12
79,124,4
9,84,21
37,92,2
16,7,5
67,6,8
26,11,27
5,78,4
52,93,8
121,11,9
91,11,4
13,53,8
41,122,4
93,5,11
71,94,1
60,21,8
62,57,6
31,74,4
25,126,2
54,79,3
121,6,6
18,31,1
38,19,18
23,46,5
71,47,12
61,22,1
23,82,11
6,32,4
40,18,18
87,3,5
42,6,16
29,79,9
5,48,1
47,2,7
127,60,12
56,82,7
13,14,12
122,21,7
7,76,3
77,13,6
19,59,4
35,83,6
5,59,1
37,46,4
37,56,3
59,127,7
42,93,13
19,9,14
50,79,7
67,18,7
83,10,4
123,2,13
35,14,5
62,63,1
61,47,2
124,18,12
123,10,1
37,93,24
67,74,4
70,90,18
52,23,2
19,28,5
44,99,7
68,17,8
50,32,1
50,34,6
63,49,8
63,67,7
52,8,13
58,61,4
48,22,3
7,52,6
53,34,3
127,90,2
92,79,1
80,81,4
53,12,6
70,11,7
99,20,11
29,8,10
21,44,7
35,49,5
38,3,15
12,82,9
26,99,10
125,37,1
36,68,1
71,88,10
44,19,4
89,93,3
121,50,5
122,121,4
59,44,8
68,99,7
75,57,3
74,69,7
42,71,6
7,45,7
32,3,12
44,17,20
51,20,4
14,9,8
35,99,5
62,90,14
10,15,16
96,18,2
71,21,5
10,48,2
99,127,2
70,99,6
20,70,2
40,39,1
99,64,3
99,48,3
93,16,7
28,78,5
15,59,3
20,45,6
43,68,2
79,23,2
20,80,11
93,97,1
59,41,1
56,8,21
65,93,7
38,85,19
121,34,1
15,60,5
7,79,1
10,34,18
27,47,1
45,5,9
17,30,1
67,5,3
90,23,3
30,3,15
11,22,6
123,11,3
40,85,9
47,48,6
45,7,8
60,24,8
18,99,14
51,18,14
15,7,7
99,61,2
38,28,2
6,69,2
38,50,2
42,50,3
51,61,7
3,60,7
21,59,3
31,76,1
22,8,2
8,28,2
38,93,6
22,2,22
48,82,5
71,13,8
87,11,7
58,73,3
31,71,1
80,92,2
55,76,6
75,32,4
75,34,7
33,77,8
87,49,5
70,5,9
76,99,9
18,33,4
10,44,3
15,66,5
21,55,1
39,80,1
84,11,9
41,7,2
49,11,11
21,53,1
28,91,2
19,12,4
83,49,4
32,83,9
69,18,8
84,63,1
53,13,14
36,50,4
74,43,1
55,68,7
32,45,5
23,14,4
70,85,15
78,10,7
126,30,1
15,19,11
43,73,1
15,86,13
86,12,4
15,48,1
38,31,9
32,50,2
21,127,2
65,87,8
93,3,4
91,3,2
48,88,5
44,37,4
6,82,7
63,96,2
83,77,11
47,61,2
41,127,3
45,28,3
79,71,6
19,45,8
30,77,2
55,47,1
40,15,8
63,46,2
99,75,5
65,5,3
18,121,6
71,77,2
28,4,2
91,59,1
41,126,1
78,5,6
30,76,15
55,63,3
15,23,5
65,6,5
9,75,2
78,32,11
91,44,5
41,124,2
43,89,5
8,53,15
83,86,7
59,33,3
5,19,3
19,13,3
81,41,3
32,73,10
65,9,3
62,47,3
48,85,3
38,46,3
42,46,5
99,121,2
17,43,5
56,43,3
82,40,2
59,20,2
23,79,7
22,3,6
20,59,3
126,26,1
121,78,3
60,124,3
33,92,3
49,61,1
23,40,3
89,47,2
37,68,4
73,91,1
71,20,7
43,18,5
89,122,1
73,16,3
79,70,5
41,78,9
125,17,1
29,124,1
124,121,14
50,47,1
121,7,2
20,74,4
40,19,2
8,93,5
28,50,4
42,4,2
48,99,7
5,79,6
60,6,7
30,5,1
31,54,1
28,60,6
89,127,4
56,93,5
8,65,4
67,61,3
50,93,2
99,73,6
66,9,1
121,64,1
82,3,21
15,63,3
29,18,7
88,93,6
62,88,7
38,80,9
122,59,1
50,123,5
62,76,5
61,69,21
73,93,3
53,50,6
48,17,10
62,74,3
17,61,1
49,123,3
61,54,4
41,92,3
17,21,6
48,11,7
12,24,8
10,58,2
62,22,1
71,43,4
48,4,4
38,8,6
78,21,11
45,63,2
22,44,7
28,80,13
89,92,1
18,93,8
22,40,1
123,46,1
57,19,3
65,90,23
50,53,7
4,91,3
24,48,1
29,13,11
11,91,4
4,19,3
66,82,6
45,14,3
5,3,14
44,24,3
21,14,6
59,48,4
13,124,2
125,42,1
41,4,9
86,48,5
54,99,5
6,20,3
68,24,3
61,48,1
99,53,4
2,126,1
5,53,7
14,17,10
75,3,10
7,15,4
27,73,13
53,80,4
24,87,8
58,75,2
58,87,1
53,67,1
15,92,2
87,29,2
39,4,1
71,76,14
99,65,2
30,60,2
4,62,3
19,5,7
42,77,5
65,68,8
126,64,1
122,8,2
21,67,1
90,93,17
14,93,3
121,41,4
33,69,2
14,96,1
17,79,10
60,40,5
51,34,5
22,123,2
53,28,1
43,8,5
43,52,2
60,74,8
69,5,3
124,41,5
70,57,20
61,49,8
62,44,13
5,43,2
55,62,5
29,89,7
17,122,2
56,122,1
84,87,7
75,60,4
127,33,2
23,3,7
41,121,4
121,8,9
89,75,18
71,8,9
75,69,3
30,93,6
75,76,17
51,42,2
65,85,10
23,2,14
13,86,11
4,38,4
50,36,4
22,5,3
78,70,2
122,22,1
121,86,3
8,20,4
75,11,10
38,45,4
62,17,9
124,57,6
124,36,3
9,79,6
14,23,2
38,13,8
44,87,10
53,65,2
45,24,11
124,6,1
22,6,2
45,38,4
45,42,6
44,8,9
22,92,8
60,37,2
19,17,10
64,99,6
63,50,1
49,99,11
67,41,1
20,71,3
91,42,2
9,19,4
35,70,3
75,4,3
5,76,17
82,124,2
10,19,4
48,63,1
56,77,3
49,19,7
71,99,15
49,40,1
126,84,1
7,127,1
87,37,2
69,77,2
70,77,4
92,37,2
74,58,3
67,19,5
121,13,3
4,93,3
17,24,7
40,36,2
85,92,4
122,49,3
35,81,6
123,51,1
63,32,1
63,34,3
59,34,7
87,16,2
87,4,7
91,20,1
16,20,3
92,2,3
34,14,3
33,70,7
9,74,11
64,54,6
47,52,13
51,27,3
82,60,9
91,5,2
58,7,6
38,52,3
71,121,3
36,86,10
22,16,6
87,36,3
14,82,1
121,59,3
74,124,1
28,15,3
65,53,1
127,58,1
92,65,1
65,77,5
15,99,10
14,70,2
22,49,3
93,121,3
35,88,3
37,94,2
40,74,1
121,20,3
26,52,12
67,78,4
53,64,1
23,59,2
66,48,9
14,57,3
19,44,5
94,41,1
22,74,8
121,70,2
121,60,1
92,3,3
124,12,3
57,99,20
10,99,7
50,3,20
93,68,2
88,35,2
44,16,1
34,45,11
8,24,6
68,76,2
48,16,3
25,59,2
82,48,3
65,79,2
67,127,4
87,32,4
87,34,4
52,19,8
2,47,4
26,53,1
71,9,6
89,121,5
5,28,3
80,124,3
49,127,3
23,5,6
5,35,4
28,77,7
127,70,10
28,83,7
93,87,3
40,11,23
18,92,2
57,92,1
58,26,5
63,52,9
77,30,3
49,24,13
70,8,4
75,40,6
42,83,10
21,49,1
62,41,2
63,89,7
46,22,2
69,124,2
81,49,3
16,122,1
39,33,2
66,5,2
42,14,3
82,92,1
83,123,1
121,15,1
127,49,8
77,97,2
77,98,1
64,75,1
122,2,5
53,11,12
26,18,13
19,91,1
44,62,8
9,88,10
23,81,5
69,48,10
7,50,5
21,28,8
48,8,1
121,99,10
63,90,4
37,96,2
48,98,1
127,86,1
125,56,2
33,67,4
32,74,6
65,47,1
124,13,2
39,50,3
23,13,2
26,55,2
93,23,10
127,21,1
126,20,3
82,127,4
127,11,3
68,25,14
91,16,1
88,123,2
30,58,2
37,79,7
53,99,7
26,44,2
50,12,4
123,66,1
20,79,5
97,85,1
31,27,2
39,26,5
127,99,5
87,17,8
55,13,8
58,6,4
126,71,1
7,82,3
78,19,5
35,77,6
63,66,12
55,9,2
93,55,2
20,87,4
75,24,5
32,29,39
122,53,4
123,3,2
39,45,1
70,61,14
5,26,9
58,125,2
39,20,8
44,40,4
71,40,5
59,7,4
68,37,5
97,13,1
16,83,4
21,62,1
124,10,2
67,35,1
38,82,10
24,54,5
22,32,9
23,28,4
48,15,2
121,43,1
85,126,1
40,88,4
58,64,1
75,62,1
87,51,5
16,44,3
93,69,4
11,124,3
21,56,4
56,48,6
64,4,2
83,20,8
47,65,1
24,62,3
46,13,7
91,75,12
8,48,4
67,62,2
76,7,3
10,84,6
65,28,2
42,54,2
121,84,2
68,80,2
35,124,1
68,32,1
68,34,2
27,61,3
78,9,12
58,13,3
82,50,13
44,77,4
30,4,1
22,18,4
58,47,1
8,31,2
57,73,5
34,56,3
9,83,6
41,52,9
125,5,3
44,83,3
65,63,2
46,91,5
123,45,3
66,90,8
87,59,1
22,56,3
60,26,3
77,68,1
15,56,10
56,41,5
40,46,4
11,44,5
92,8,1
47,88,4
10,89,18
28,73,3
41,62,1
28,31,4
70,3,6
121,74,3
87,93,1
37,11,11
125,45,2
92,84,5
19,56,8
91,55,2
30,79,8
61,16,1
83,93,5
46,75,9
38,18,4
19,8,4
124,42,2
50,10,5
41,123,3
123,75,1
30,89,5
77,32,1
88,127,2
13,48,1
122,27,3
121,51,4
36,46,6
42,5,8
10,31,4
3,121,7
24,7,5
4,86,8
38,123,1
18,39,2
63,59,10
123,65,1
55,22,5
52,63,8
48,25,6
75,27,4
18,61,1
22,68,4
68,58,3
35,78,5
79,56,9
32,8,4
10,46,11
14,66,1
124,90,4
17,78,11
84,65,6
8,86,15
94,18,1
10,123,1
10,64,2
6,59,3
52,79,8
86,126,1
36,4,5
42,65,3
24,6,2
99,55,8
83,87,5
65,8,6
45,96,2
125,125,1
59,65,2
79,11,8
23,75,2
65,55,7
93,12,4
40,77,2
47,5,1
57,14,2
23,43,10
31,88,3
56,127,1
9,93,6
66,77,2
19,127,4
92,42,1
17,93,7
66,24,2
83,76,12
10,90,16
65,67,1
77,16,5
59,88,7
78,93,3
42,122,2
126,42,1
11,93,5
121,62,1
33,5,8
55,43,3
20,124,2
16,71,5
127,12,1
90,121,3
92,74,1
22,7,1
71,42,5
20,9,10
23,45,5
79,32,3
4,35,6
57,23,3
22,69,4
22,70,2
55,27,1
121,10,6
59,35,4
124,89,9
79,57,4
69,55,6
59,3,8
43,17,6
123,12,2
65,19,5
92,46,3
92,56,1
71,23,1
92,17,2
10,49,3
59,126,1
69,126,1
63,73,1
55,16,3
33,40,1
54,125,2
22,48,1
124,58,2
61,52,5
81,13,1
20,88,3
52,21,6
20,94,3
7,3,4
75,53,2
5,75,3
75,36,4
96,85,2
74,53,1
50,64,3
8,83,2
20,96,2
39,76,2
51,82,3
43,79,2
58,23,1
26,5,8
71,91,1
10,56,11
51,23,2
47,36,1
48,27,4
44,26,3
75,13,2
78,33,10
57,83,2
30,123,1
71,15,6
5,54,6
38,89,10
69,73,3
43,69,2
59,86,2
54,82,3
93,78,7
13,121,3
23,90,7
34,59,2
40,127,1
126,2,2
98,99,1
86,31,1
33,91,1
28,71,3
38,11,11
40,79,3
17,99,17
41,46,7
91,19,3
123,22,1
64,90,4
82,7,2
125,76,1
75,38,1
38,68,2
42,68,3
125,18,2
30,86,2
36,8,4
65,4,3
126,38,2
59,11,5
14,19,1
30,82,8
64,123,2
30,88,6
44,14,2
44,20,2
54,21,3
60,99,13
53,46,11
50,7,6
87,85,5
53,54,4
22,77,3
89,43,3
23,84,7
46,36,5
36,14,8
17,87,4
127,45,1
40,67,2
33,4,3
86,93,2
82,121,2
19,31,4
12,86,3
30,24,20
66,83,1
46,29,4
74,93,7
80,4,5
122,79,2
37,86,4
30,99,3
5,33,6
99,79,3
21,99,10
59,54,16
52,12,3
35,17,5
35,56,4
14,51,1
55,67,2
67,65,4
12,49,6
20,68,4
31,2,5
14,75,7
35,4,3
71,7,9
57,35,4
77,38,2
31,70,1
22,75,4
59,82,5
26,58,5
33,83,18
19,62,1
125,59,2
67,11,2
4,32,4
55,25,9
73,66,4
40,3,6
14,28,1
95,6,1
95,25,1
65,99,1
47,11,2
53,79,2
59,121,2
30,18,9
23,8,1
23,49,5
62,19,6
70,26,6
78,4,6
57,121,4
28,23,2
49,28,4
9,56,2
91,13,3
56,86,13
68,27,4
42,86,7
50,77,6
87,18,5
40,4,5
27,52,8
7,21,2
22,31,7
59,2,15
30,11,6
69,25,7
20,54,1
77,66,4
44,3,7
28,82,16
40,78,1
10,32,5
32,96,1
34,96,2
38,124,1
37,53,1
69,56,5
29,45,2
24,55,2
43,19,9
94,93,6
59,47,5
47,99,2
79,38,2
70,48,6
16,32,3
53,44,2
52,127,2
5,22,2
40,57,9
49,47,3
79,87,8
49,91,2
122,45,1
93,50,3
38,87,1
42,87,1
44,75,7
50,121,2
67,76,1
121,9,5
40,83,2
64,25,6
58,19,4
58,25,8
13,77,6
22,63,2
16,33,4
124,20,4
13,78,7
46,82,7
28,69,2
93,44,2
12,71,4
71,53,2
65,73,5
43,127,1
127,75,1
23,52,5
65,21,7
127,2,2
75,12,2
50,35,3
11,64,1
81,90,6
44,38,4
78,99,7
124,77,2
17,28,3
30,51,1
23,88,3
32,99,7
28,67,1
26,67,2
46,12,8
6,19,2
14,88,3
58,127,1
50,61,2
3,97,1
19,94,1
124,126,3
47,90,3
122,126,2
67,25,4
64,44,9
68,74,6
96,16,1
9,14,7
21,81,8
26,49,4
60,10,6
57,94,1
47,86,3
68,35,1
91,62,2
126,7,2
59,77,3
25,94,2
15,94,1
6,60,3
48,78,5
85,61,1
59,13,1
25,122,2
43,56,2
29,86,4
75,10,4
7,55,8
68,126,1
45,10,9
20,121,2
29,57,2
37,57,3
70,127,6
89,61,2
126,48,1
37,7,1
32,18,4
2,125,3
51,10,4
127,6,2
69,99,6
53,31,1
66,35,5
67,12,1
62,2,11
12,67,1
93,31,2
19,11,8
70,75,4
78,43,3
40,93,1
74,55,3
52,121,2
74,48,2
93,10,5
87,124,3
42,67,1
32,14,4
70,97,2
52,28,5
23,60,2
43,33,2
94,76,1
16,93,3
44,13,3
29,20,7
53,71,2
48,94,1
7,90,11
34,50,6
61,58,3
56,79,5
70,53,1
61,73,1
29,58,2
125,65,1
124,33,1
37,66,3
51,5,7
125,13,1
20,18,6
73,53,1
24,12,7
124,78,1
41,87,2
35,71,6
28,26,1
59,79,2
6,67,4
54,87,1
60,96,1
127,32,1
83,65,1
62,60,6
26,20,9
127,14,1
50,24,7
126,66,1
45,30,2
10,52,9
13,73,4
32,12,4
54,41,3
92,30,2
59,19,3
43,99,6
77,81,1
58,82,2
59,8,8
94,55,1
4,126,2
92,34,4
21,86,4
26,7,6
27,93,7
64,65,5
24,18,7
7,87,1
69,28,1
24,97,1
91,84,4
92,45,1
53,41,3
15,62,1
122,40,3
68,57,4
60,93,10
86,43,3
64,26,2
23,78,3
82,123,2
77,55,3
127,125,2
55,64,1
122,26,2
121,21,1
41,73,8
68,21,3
54,29,2
123,55,4
56,78,2
45,81,1
44,93,5
16,87,4
60,75,5
40,90,5
36,17,5
94,30,1
53,20,1
44,10,2
123,8,3
59,26,3
92,82,2
96,2,1
64,15,1
69,93,3
4,73,4
96,74,1
32,121,3
68,48,5
17,35,1
14,64,1
81,92,1
16,73,6
39,10,2
31,39,1
42,66,2
48,93,2
5,62,1
124,17,2
124,56,1
32,57,2
125,46,1
122,35,1
9,52,9
64,52,10
68,86,4
28,99,2
29,77,6
23,51,3
60,62,7
51,7,8
47,62,2
54,94,1
38,127,1
29,50,2
86,7,3
42,75,4
40,53,2
5,49,16
65,24,6
19,6,3
75,71,5
9,70,1
22,64,1
50,29,4
38,69,1
42,69,1
53,77,2
86,62,3
36,7,1
39,40,3
61,24,1
15,61,1
40,7,5
70,87,4
73,52,5
50,41,5
60,28,1
12,44,2
20,65,1
84,57,5
87,9,2
44,11,4
46,127,1
42,11,15
36,18,7
38,86,3
29,74,6
122,12,1
6,123,4
4,64,7
121,42,2
124,71,3
59,37,2
6,92,1
8,92,1
42,92,4
64,61,4
63,62,1
60,35,1
37,77,4
124,53,1
43,4,6
93,77,2
59,93,7
22,61,1
59,84,4
63,3,1
9,45,9
15,44,3
82,39,1
64,84,1
12,19,2
59,83,2
61,25,3
79,94,1
14,60,2
70,19,4
32,60,5
11,31,2
67,53,1
75,16,5
64,46,3
14,85,9
40,25,11
17,34,3
40,99,6
40,17,10
124,52,6
29,55,1
68,14,2
32,39,7
10,93,2
35,73,4
68,5,5
93,57,2
85,67,1
126,18,3
54,26,3
62,99,4
122,96,1
63,121,1
74,61,3
40,56,5
47,67,3
67,86,3
63,45,4
63,76,1
59,78,3
42,52,3
48,29,1
21,66,4
40,35,7
52,43,1
58,3,5
65,74,11
71,84,10
121,87,1
123,6,4
50,127,1
77,93,3
41,91,1
43,58,2
30,124,1
6,127,4
67,82,4
83,51,5
54,75,3
60,16,2
82,44,4
33,97,1
58,93,2
25,52,20
126,123,2
48,86,7
2,81,1
56,91,1
5,80,9
67,23,2
27,78,5
10,20,2
71,29,2
125,77,1
23,71,3
79,8,5
55,19,4
55,124,1
71,56,14
20,126,1
124,49,1
44,82,6
40,86,1
75,68,1
14,24,3
93,28,6
80,64,1
127,82,4
24,91,2
75,58,1
69,83,1
125,54,3
26,127,2
126,27,2
45,23,3
26,57,5
41,56,4
127,93,1
5,87,4
121,68,2
123,89,5
55,3,10
20,44,2
81,2,1
39,21,6
127,20,2
45,99,15
59,5,6
48,73,2
79,17,7
70,31,2
99,70,2
71,22,3
86,125,1
39,13,1
70,21,3
36,59,3
91,15,6
48,3,3
39,2,3
124,68,2
28,58,1
54,10,4
69,86,6
69,85,1
5,70,6
50,22,2
34,51,2
18,83,2
59,24,3
42,44,1
70,12,3
35,13,4
29,51,3
78,69,2
43,93,2
13,46,6
22,17,2
37,17,5
30,54,1
67,14,1
12,35,6
59,62,3
61,57,1
10,86,8
51,83,5
60,42,2
89,39,1
33,61,3
83,81,1
6,22,2
87,84,9
30,71,3
94,49,1
77,20,1
77,19,3
122,50,2
19,54,2
123,49,1
27,75,6
37,51,3
59,23,1
53,38,1
62,55,5
29,16,13
121,80,1
60,19,10
53,123,3
122,20,2
45,125,2
56,126,1
60,77,3
80,54,3
127,63,1
28,5,4
43,92,2
87,73,3
54,93,6
57,33,3
43,84,6
77,57,5
29,52,3
47,13,1
20,3,13
51,28,3
67,13,3
123,53,1
6,126,1
12,126,1
51,9,5
61,84,3
68,93,2
56,59,5
32,11,4
96,31,1
68,56,6
20,16,3
65,80,4
59,96,2
39,82,3
93,43,1
6,81,1
92,80,1
66,18,4
70,29,1
123,88,1
42,91,1
124,88,2
68,43,1
55,21,4
63,58,3
43,54,1
90,126,2
93,8,4
79,122,2
38,88,5
83,54,3
87,21,3
71,11,12
42,17,10
32,66,2
26,65,2
71,38,2
64,79,2
75,20,2
33,17,6
30,8,8
10,59,5
87,12,1
57,125,1
69,82,5
82,55,2
69,19,2
20,14,6
124,3,2
53,84,4
62,18,3
55,38,1
40,29,8
28,52,3
93,127,1
29,28,1
33,58,1
58,10,4
123,69,1
36,75,4
127,41,2
48,30,3
75,99,3
81,29,1
94,73,1
14,81,1
4,33,5
10,88,9
122,9,3
8,32,1
33,49,7
43,86,4
42,88,7
26,96,1
55,125,1
30,73,4
75,93,1
48,36,2
66,46,9
121,27,1
10,75,1
36,71,3
60,33,3
57,93,4
68,19,5
74,54,5
83,48,3
97,70,2
10,92,2
4,98,1
31,99,1
8,19,2
23,62,1
38,77,2
92,35,1
67,16,1
71,27,5
59,12,3
65,94,1
77,91,4
26,93,3
27,122,1
91,36,2
10,67,1
59,38,4
24,64,1
62,87,1
23,18,3
127,48,3
79,53,1
36,45,12
63,51,5
54,47,3
65,30,1
31,18,2
123,9,2
69,127,2
40,30,7
48,56,8
70,124,1
127,74,2
14,54,1
27,54,4
56,38,1
43,74,3
87,33,2
127,9,1
60,9,3
9,44,1
25,127,1
34,5,12
23,17,5
26,54,2
62,80,3
29,65,3
7,33,2
87,55,1
3,94,1
5,31,1
39,93,2
44,85,1
27,45,7
63,82,1
51,36,4
37,87,3
9,86,9
82,43,2
59,10,4
15,97,1
123,52,3
40,50,3
26,56,8
57,37,5
61,3,1
5,69,3
62,37,1
32,5,7
96,69,1
96,70,1
63,80,1
54,30,2
66,8,1
93,99,4
66,32,1
22,122,2
9,92,2
30,9,15
68,87,2
22,14,3
62,79,2
69,8,6
13,96,1
43,36,4
31,3,4
77,123,1
35,45,3
54,20,1
68,36,1
9,69,2
87,82,3
67,99,2
12,60,3
56,123,1
121,90,3
69,74,4
38,4,4
52,40,3
61,17,4
28,18,3
37,8,7
63,44,1
43,24,1
62,13,2
62,67,2
122,82,1
14,73,2
94,27,1
124,83,2
49,122,2
79,31,1
18,28,1
70,79,5
51,79,5
71,125,2
68,88,2
90,96,1
31,40,2
74,5,6
32,6,6
17,121,1
20,86,4
92,5,1
81,35,2
87,99,3
91,82,2
122,89,1
83,11,2
27,65,3
127,44,5
42,49,4
5,91,2
65,11,7
47,7,1
48,75,1
127,22,1
48,61,2
35,55,3
65,35,1
27,50,8
6,24,7
122,80,2
123,70,1
96,82,1
38,17,4
7,58,5
75,43,2
124,25,4
58,74,3
87,62,2
53,30,1
32,58,1
86,124,2
39,46,2
21,91,1
124,11,5
63,47,1
34,53,1
67,8,1
17,92,2
20,125,1
83,99,4
68,9,4
27,124,1
127,51,2
23,74,2
62,24,3
34,70,3
66,13,1
125,79,2
23,54,2
28,57,1
19,87,3
64,83,1
127,42,1
62,86,5
92,93,3
55,99,4
67,9,3
78,121,1
19,123,1
94,85,1
53,69,1
53,70,1
29,87,2
22,39,2
67,88,1
69,37,1
61,27,1
64,85,2
63,6,1
70,93,5
39,36,2
28,16,3
21,69,3
21,70,5
73,124,1
93,125,1
84,127,1
43,59,1
19,99,1
91,68,1
22,51,2
95,82,1
122,15,2
62,61,1
10,68,3
39,88,1
56,34,1
70,81,1
3,99,6
48,84,3
79,67,2
97,83,1
77,36,4
22,60,1
38,64,1
42,64,1
66,14,2
33,45,7
29,88,5
126,122,1
18,122,2
67,92,1
94,24,1
24,127,1
75,49,6
124,29,1
91,64,1
92,73,2
64,8,1
54,35,2
13,84,7
13,123,4
33,124,1
94,2,2
91,60,1
121,93,3
71,96,2
61,45,3
33,12,6
4,30,1
47,12,1
56,23,1
38,49,2
40,65,1
73,14,1
30,81,1
64,34,1
122,88,1
64,45,4
94,16,1
48,32,2
51,26,7
78,55,2
32,87,2
87,66,5
34,54,2
42,58,1
65,42,1
61,93,1
122,24,1
66,15,4
80,48,4
36,58,1
49,98,3
14,46,3
14,56,4
55,80,2
50,23,1
30,87,2
79,66,2
96,10,2
59,22,3
49,121,3
82,68,2
66,62,1
74,99,7
5,96,1
29,121,1
37,121,1
99,94,2
86,58,3
16,49,6
96,53,1
64,50,2
126,16,2
19,77,2
32,44,1
52,34,6
55,26,1
40,82,3
65,41,2
57,28,1
60,41,2
20,10,2
62,34,1
58,27,1
45,121,3
39,89,1
37,54,1
48,77,3
17,36,2
4,20,1
30,14,3
22,54,2
32,51,1
64,18,2
33,54,3
7,83,1
59,4,5
88,124,2
32,127,1
15,68,2
73,121,1
122,71,1
127,123,1
124,30,1
65,83,1
39,5,1
33,75,7
75,92,1
15,125,1
59,92,1
26,59,3
26,45,7
51,11,11
70,35,1
79,81,1
29,56,3
80,63,1
96,14,1
96,27,1
58,37,3
45,93,4
12,99,8
121,58,1
79,43,1
65,12,1
68,94,1
53,40,1
40,59,2
31,13,2
126,11,1
122,32,2
122,34,3
62,64,1
71,81,1
83,71,3
124,9,1
54,19,4
34,94,1
68,11,2
83,125,1
82,69,3
30,28,2
20,66,1
59,99,7
122,56,1
28,44,1
122,44,1
124,82,2
124,79,2
55,66,5
91,49,3
79,93,1
81,27,2
81,52,1
55,28,1
127,24,2
57,48,3
55,93,1
124,24,2
10,127,1
51,40,3
51,77,2
20,4,2
35,67,1
91,99,3
125,58,1
27,83,2
29,81,1
60,29,2
27,69,2
9,46,6
28,54,1
87,42,2
122,3,2
91,33,2
28,51,2
92,60,1
94,45,2
26,68,1
26,69,2
15,55,3
31,11,2
122,64,1
43,123,2
22,12,3
58,88,1
35,44,2
48,6,3
51,38,1
9,91,2
93,32,2
59,28,1
27,58,2
8,66,2
81,50,2
123,86,1
121,65,1
36,121,1
32,68,2
32,69,2
63,93,1
23,55,1
71,30,2
26,75,3
48,38,4
42,94,1
43,65,1
31,91,1
46,94,1
18,20,2
38,71,2
67,4,2
60,92,1
84,96,1
91,58,2
36,61,2
16,22,2
68,122,1
91,71,1
34,7,1
123,14,1
58,29,2
40,31,1
123,48,1
66,75,1
73,43,2
22,52,2
26,79,10
20,63,1
12,59,2
99,66,2
74,94,1
50,42,2
42,55,3
62,73,2
52,61,1
67,91,1
66,41,2
80,59,2
61,2,4
94,64,1
62,83,1
6,63,2
39,77,1
20,75,3
4,22,1
6,122,1
26,94,1
20,67,1
126,21,2
127,29,1
53,10,1
43,77,4
65,29,5
94,37,2
122,78,1
75,30,1
51,29,1
47,17,1
91,41,2
84,14,1
30,7,1
87,10,2
88,14,1
31,80,2
63,88,1
47,127,2
10,69,2
27,94,2
121,23,2
38,59,2
89,125,1
21,123,1
67,93,2
62,15,1
15,98,1
62,93,1
21,68,4
81,55,1
81,88,2
58,22,4
64,27,2
61,15,1
91,4,2
64,6,1
69,79,5
92,78,1
86,23,1
65,127,1
59,122,1
79,127,1
20,50,4
74,121,1
58,77,3
48,40,1
30,55,1
92,49,1
62,75,2
13,60,4
69,43,2
124,76,2
66,93,2
29,75,2
55,24,1
96,19,1
66,30,1
74,92,2
54,33,1
92,41,2
5,63,1
125,34,1
22,99,3
73,57,2
55,10,1
17,32,3
56,32,1
23,56,2
51,92,1
124,74,3
64,21,1
30,45,6
5,83,2
50,91,5
77,69,3
65,91,2
93,53,1
60,7,2
58,91,1
126,23,1
125,49,2
39,56,1
24,124,1
57,32,2
69,11,3
20,53,1
40,76,4
127,5,2
69,35,1
21,52,3
96,71,1
39,37,3
81,5,2
69,81,1
67,20,1
122,29,2
68,121,1
87,53,2
56,20,2
63,84,1
28,46,2
35,66,2
83,7,3
68,79,1
125,124,3
19,122,2
14,45,1
45,35,1
14,123,1
12,62,1
19,97,1
6,31,1
30,121,1
122,99,3
126,53,1
44,124,1
127,80,1
122,54,1
29,94,2
123,24,1
81,60,1
121,88,1
87,121,1
7,126,1
28,17,2
39,9,3
65,92,1
126,43,2
18,67,2
125,44,1
64,76,2
64,16,1
58,16,4
51,35,3
81,38,1
94,89,1
30,17,1
94,43,1
67,124,1
47,56,3
38,7,1
39,84,2
122,37,1
70,123,2
30,59,1
54,38,1
75,22,1
62,36,1
33,56,5
92,16,1
123,17,3
47,77,1
36,96,1
27,48,1
47,80,1
65,23,1
11,61,1
96,59,1
64,19,2
29,4,4
126,29,1
68,40,1
61,34,1
52,125,1
59,6,3
123,91,1
49,94,1
87,54,1
67,96,1
56,67,1
43,31,1
56,83,2
59,124,1
7,19,1
81,65,1
22,10,2
127,88,1
63,85,2
9,65,4
68,12,2
35,86,2
39,12,2
124,87,1
14,99,1
15,81,1
82,58,1
66,94,1
38,51,3
122,10,2
4,125,1
40,51,1
2,94,1
48,74,2
36,65,1
36,64,1
9,127,1
60,32,1
78,30,4
48,10,2
59,75,2
65,13,2
42,121,1
94,82,1
80,55,1
63,48,1
42,127,1
68,82,3
19,40,2
7,77,1
75,7,1
81,99,3
68,123,1
17,19,5
92,28,1
29,60,1
34,87,3
82,54,2
121,85,3
9,124,1
52,32,2
35,50,3
68,42,1
40,52,2
87,127,1
40,62,1
3,93,2
55,121,2
68,7,1
51,121,1
92,24,1
65,33,4
8,23,2
10,22,3
65,7,1
8,123,2
68,91,1
69,91,1
87,19,1
9,51,2
4,94,1
28,27,1
29,127,1
39,3,1
30,52,1
81,46,1
43,71,1
58,122,1
63,11,1
68,31,1
9,63,1
59,30,1
89,94,1
37,55,1
123,90,1
63,40,1
63,5,1
58,84,2
29,59,4
40,54,1
91,30,1
47,50,2
35,69,1
64,58,2
34,69,3
121,71,2
19,53,2
87,69,1
23,86,3
60,121,1
98,90,1
16,28,1
63,127,1
9,28,2
69,75,1
124,21,2
30,48,2
18,94,1
68,4,1
70,33,3
81,89,1
48,127,2
123,7,2
70,43,1
12,122,1
81,71,4
4,67,1
74,123,2
127,34,1
45,127,1
55,122,1
91,93,1
50,39,1
68,53,1
91,73,2
34,61,1
36,40,1
49,79,1
48,62,2
44,127,2
61,44,2
66,27,1
55,29,3
76,67,2
81,98,1
31,83,2
7,24,1
123,122,1
48,43,1
65,10,1
90,47,2
43,44,1
8,122,1
27,81,1
9,62,1
94,33,1
50,33,1
79,48,1
73,44,1
33,51,2
81,51,1
94,71,1
61,56,1
61,4,1
62,27,1
87,67,1
75,33,3
13,39,2
3,54,2
49,43,1
81,9,2
35,18,1
9,54,2
87,40,1
42,57,2
55,73,4
53,59,1
77,59,1
35,91,2
22,91,1
126,40,1
16,54,3
42,124,1
48,24,1
91,23,2
124,45,1
30,70,3
79,58,2
93,40,1
35,64,1
48,83,2
5,14,1
82,63,1
39,74,1
26,124,1
66,20,2
14,40,2
126,17,1
126,57,1
27,66,1
32,4,1
14,86,2
30,44,1
90,94,2
94,57,1
39,6,1
93,14,3
55,40,1
12,94,3
65,26,1
27,62,1
62,42,1
41,75,1
68,33,1
10,53,4
96,46,1
96,56,1
60,126,1
66,40,1
58,121,1
19,73,1
23,53,1
39,99,1
56,29,3
69,27,1
62,3,1
91,54,1
71,32,2
41,48,1
125,2,1
19,48,2
69,9,1
67,125,1
23,39,2
56,64,1
29,122,1
5,66,2
90,122,1
67,27,1
61,7,1
12,69,1
47,64,2
48,37,1
53,74,1
123,64,1
42,70,1
14,87,1
81,3,1
42,60,1
38,70,1
65,16,1
61,76,2
6,65,1
33,55,2
123,87,1
13,62,1
61,83,1
40,75,2
10,51,2
126,25,2
21,65,1
122,74,1
14,71,4
77,31,1
83,57,1
87,26,1
122,55,2
70,78,2
121,24,1
23,121,1
36,54,4
6,83,2
91,85,2
64,5,1
61,78,1
50,122,1
23,63,1
23,87,1
69,41,1
30,57,2
36,55,1
23,70,1
48,42,2
124,75,1
43,57,2
63,15,1
62,85,2
23,127,1
71,75,1
50,20,1
81,48,1
45,123,2
51,124,1
82,62,1
8,127,1
124,7,2
6,91,1
40,22,1
10,55,2
126,125,1
62,78,1
85,94,2
71,16,1
34,68,1
42,56,3
10,126,1
83,40,1
38,44,1
63,55,2
58,21,3
61,74,1
126,6,2
51,30,1
6,125,2
64,78,1
83,63,1
61,11,1
91,35,1
38,62,1
73,40,2
64,121,1
19,96,1
30,94,1
47,54,1
74,127,1
123,127,1
28,96,1
48,123,1
49,23,1
68,29,1
44,23,1
75,67,1
86,14,1
70,30,2
71,37,1
55,91,1
61,18,1
55,79,3
36,127,1
63,83,1
91,53,1
32,55,1
19,57,2
38,67,1
88,23,1
70,14,1
77,67,1
126,45,1
48,23,1
82,49,2
55,39,1
124,43,1
57,67,2
37,122,1
95,29,2
62,77,1
65,22,1
7,60,2
20,58,1
63,74,1
126,90,1
48,14,1
51,43,1
44,5,3
41,59,1
95,90,1
43,87,1
69,29,2
127,62,1
6,39,2
30,67,2
16,68,1
80,39,1
29,46,2
47,4,2
77,40,1
43,55,1
125,75,1
42,126,1
7,14,1
85,97,1
26,81,1
12,75,1
62,59,2
30,69,1
6,97,1
68,83,2
49,38,2
40,33,1
90,125,1
55,92,1
49,97,1
57,30,1
80,125,1
20,49,1
7,88,3
63,18,1
39,15,1
17,94,1
51,16,1
32,92,1
93,58,1
33,87,1
124,93,2
31,67,1
52,94,1
124,47,1
81,26,1
124,27,1
29,92,1
122,31,1
68,15,1
23,44,1
44,121,1
63,124,1
91,34,1
47,79,1
38,65,1
67,79,1
53,51,1
40,84,1
127,8,2
48,9,1
70,9,2
78,63,1
35,51,1
69,40,1
58,123,1
14,50,1
56,61,1
9,66,1
77,58,1
43,70,2
124,40,1
70,42,1
44,27,1
53,85,1
11,81,1
63,27,1
53,23,1
96,52,1
87,23,2
123,41,1
5,77,1
69,30,1
61,8,1
61,64,1
70,92,1
58,83,1
34,121,1
37,81,1
81,78,2
70,82,1
47,8,1
9,125,1
22,53,1
12,31,1
93,6,1
28,66,1
30,91,1
55,36,1
121,14,1
48,33,1
125,11,1
39,8,1
33,65,2
124,59,1
77,121,1
63,17,1
64,74,2
10,54,2
122,7,1
123,60,3
13,91,1
61,19,1
56,121,1
62,23,1
82,65,2
68,77,1
92,81,1
12,91,1
44,28,1
36,91,2
73,62,1
80,127,1
32,62,1
64,40,1
40,87,1
62,12,1
41,65,1
92,10,1
48,19,1
